timestamp,src_ip,dst_ip,src_port,dst_port,protocol,packet_size,tcp_window_size,interval_time,direction
1697401801.370276,192.168.10.135,131.130.37.53,35042,22,6,162,1324,0.0,1
1697401801.371737,131.130.37.53,192.168.10.135,22,35042,6,70,9876,0.001461029052734375,0
1697401801.441751,131.130.37.53,192.168.10.135,22,35042,6,162,9876,0.07001399993896484,0
1697401801.441895,131.130.37.53,192.168.10.135,22,35042,6,106,9876,0.00014400482177734375,0
1697401801.44232,192.168.10.135,131.130.37.53,35042,22,6,70,1324,0.00042510032653808594,1
1697401801.462538,192.168.10.135,131.130.37.53,35042,22,6,142,1324,0.0202178955078125,1
1697401801.463963,131.130.37.53,192.168.10.135,22,35042,6,70,9876,0.001425027847290039,0
1697401801.46424,131.130.37.53,192.168.10.135,22,35042,6,106,9876,0.0002770423889160156,0
1697401801.509859,192.168.10.135,131.130.37.53,35042,22,6,70,1324,0.04561901092529297,1
1697401802.746308,192.168.10.135,131.130.37.53,35042,22,6,122,1324,1.2364490032196045,1
1697401802.7477,131.130.37.53,192.168.10.135,22,35042,6,70,9876,0.0013918876647949219,0
1697401802.747855,131.130.37.53,192.168.10.135,22,35042,6,114,9876,0.00015497207641601562,0
1697401802.748077,192.168.10.135,131.130.37.53,35042,22,6,70,1324,0.0002219676971435547,1
1697401802.74842,192.168.10.135,131.130.37.53,35042,22,6,182,1324,0.00034308433532714844,1
1697401802.749744,131.130.37.53,192.168.10.135,22,35042,6,70,9876,0.0013239383697509766,0
1697401802.751237,131.130.37.53,192.168.10.135,22,35042,6,142,9876,0.0014929771423339844,0
,,,,,,,,,
1697401802.391006,192.168.10.2,194.45.33.29,4500,4500,17,1494,0,0.0,1
1697401802.391131,192.168.10.2,194.45.33.29,4500,4500,17,1494,0,0.00012493133544921875,1
1697401802.391203,192.168.10.2,194.45.33.29,4500,4500,17,838,0,7.200241088867188e-05,1
1697401802.463543,194.45.33.29,192.168.10.2,4500,4500,17,134,0,0.07234001159667969,0
1697401802.463556,194.45.33.29,192.168.10.2,4500,4500,17,166,0,1.3113021850585938e-05,0
1697401802.463701,194.45.33.29,192.168.10.2,4500,4500,17,166,0,0.00014495849609375,0
1697401802.465259,192.168.10.2,194.45.33.29,4500,4500,17,166,0,0.001558065414428711,1
1697401802.465383,192.168.10.2,194.45.33.29,4500,4500,17,134,0,0.0001239776611328125,1
1697401802.465764,192.168.10.2,194.45.33.29,4500,4500,17,134,0,0.0003809928894042969,1
1697401802.538155,194.45.33.29,192.168.10.2,4500,4500,17,230,0,0.07239103317260742,0
1697401802.539669,192.168.10.2,194.45.33.29,4500,4500,17,182,0,0.0015139579772949219,1
1697401802.580961,194.45.33.29,192.168.10.2,4500,4500,17,134,0,0.04129195213317871,0
1697401802.582023,192.168.10.2,194.45.33.29,4500,4500,17,166,0,0.0010619163513183594,1
1697401802.612746,194.45.33.29,192.168.10.2,4500,4500,17,134,0,0.030723094940185547,0
1697401802.612763,194.45.33.29,192.168.10.2,4500,4500,17,470,0,1.6927719116210938e-05,0
1697401802.622676,192.168.10.2,194.45.33.29,4500,4500,17,486,0,0.009912967681884766,1
,,,,,,,,,
1697401803.141248,192.168.10.150,192.168.10.30,49266,1883,6,64,65273,0.0,1
1697401803.145522,192.168.10.30,192.168.10.150,1883,49266,6,64,65535,0.004274129867553711,0
1697401803.343938,192.168.10.150,192.168.10.30,49266,1883,6,64,65271,0.19841599464416504,1
1697401814.403388,192.168.10.150,192.168.10.30,49266,1883,6,64,65271,11.059449911117554,1
1697401814.407057,192.168.10.30,192.168.10.150,1883,49266,6,64,65535,0.0036690235137939453,0
1697401814.606046,192.168.10.150,192.168.10.30,49266,1883,6,64,65269,0.1989889144897461,1
1697401825.6655,192.168.10.150,192.168.10.30,49266,1883,6,64,65269,11.059453964233398,1
1697401825.670073,192.168.10.30,192.168.10.150,1883,49266,6,64,65535,0.00457310676574707,0
1697401825.88374,192.168.10.150,192.168.10.30,49266,1883,6,64,65267,0.2136669158935547,1
1697401836.927668,192.168.10.150,192.168.10.30,49266,1883,6,64,65267,11.043928146362305,1
1697401836.931673,192.168.10.30,192.168.10.150,1883,49266,6,64,65535,0.004004955291748047,0
1697401837.145825,192.168.10.150,192.168.10.30,49266,1883,6,64,65265,0.21415185928344727,1
1697401848.189656,192.168.10.150,192.168.10.30,49266,1883,6,64,65265,11.04383111000061,1
1697401848.19357,192.168.10.30,192.168.10.150,1883,49266,6,64,65535,0.00391387939453125,0
1697401848.407957,192.168.10.150,192.168.10.30,49266,1883,6,64,65263,0.2143871784210205,1
1697401859.451788,192.168.10.150,192.168.10.30,49266,1883,6,64,65263,11.043830871582031,1
,,,,,,,,,
1697401803.141793,192.168.10.135,131.130.37.53,49666,22,6,106,18704,0.0,1
1697401803.145123,131.130.37.53,192.168.10.135,22,49666,6,106,9807,0.0033299922943115234,0
1697401803.145368,192.168.10.135,131.130.37.53,49666,22,6,70,18704,0.00024509429931640625,1
1697401814.403887,192.168.10.135,131.130.37.53,49666,22,6,106,18704,11.258518934249878,1
1697401814.406661,131.130.37.53,192.168.10.135,22,49666,6,106,9807,0.0027740001678466797,0
1697401814.406899,192.168.10.135,131.130.37.53,49666,22,6,70,18704,0.00023794174194335938,1
1697401818.623755,192.168.10.135,131.130.37.53,49666,22,6,106,18704,4.216856002807617,1
1697401818.626924,131.130.37.53,192.168.10.135,22,49666,6,106,9807,0.0031690597534179688,0
1697401818.627165,192.168.10.135,131.130.37.53,49666,22,6,70,18704,0.0002410411834716797,1
1697401825.666038,192.168.10.135,131.130.37.53,49666,22,6,106,18704,7.038872957229614,1
1697401825.669669,131.130.37.53,192.168.10.135,22,49666,6,106,9807,0.0036308765411376953,0
1697401825.669913,192.168.10.135,131.130.37.53,49666,22,6,70,18704,0.000244140625,1
1697401836.928146,192.168.10.135,131.130.37.53,49666,22,6,106,18704,11.258232831954956,1
1697401836.931244,131.130.37.53,192.168.10.135,22,49666,6,106,9807,0.003098011016845703,0
1697401836.931492,192.168.10.135,131.130.37.53,49666,22,6,70,18704,0.00024819374084472656,1
1697401848.190131,192.168.10.135,131.130.37.53,49666,22,6,106,18704,11.258638858795166,1
,,,,,,,,,
1697401803.390764,192.168.10.150,208.115.231.210,60325,443,6,64,252,0.0,1
1697401803.402888,208.115.231.210,192.168.10.150,443,60325,6,70,501,0.012124061584472656,0
1697401813.404988,192.168.10.150,208.115.231.210,60325,443,6,64,252,10.002099990844727,1
1697401813.417142,208.115.231.210,192.168.10.150,443,60325,6,70,501,0.012153863906860352,0
1697401823.419216,192.168.10.150,208.115.231.210,60325,443,6,64,252,10.002074003219604,1
1697401823.431478,208.115.231.210,192.168.10.150,443,60325,6,70,501,0.012262105941772461,0
1697401833.433432,192.168.10.150,208.115.231.210,60325,443,6,64,252,10.001954078674316,1
1697401833.445597,208.115.231.210,192.168.10.150,443,60325,6,70,501,0.012164831161499023,0
1697401843.447652,192.168.10.150,208.115.231.210,60325,443,6,64,252,10.002055168151855,1
1697401843.45987,208.115.231.210,192.168.10.150,443,60325,6,70,501,0.012217998504638672,0
1697401853.477457,192.168.10.150,208.115.231.210,60325,443,6,64,252,10.017586946487427,1
1697401853.489621,208.115.231.210,192.168.10.150,443,60325,6,70,501,0.012163877487182617,0
1697401863.491685,192.168.10.150,208.115.231.210,60325,443,6,64,252,10.002063989639282,1
1697401863.503849,208.115.231.210,192.168.10.150,443,60325,6,70,501,0.012164115905761719,0
1697401873.521511,192.168.10.150,208.115.231.210,60325,443,6,64,252,10.017662048339844,1
1697401873.533743,208.115.231.210,192.168.10.150,443,60325,6,70,501,0.012231826782226562,0
,,,,,,,,,
1697401806.670215,192.168.10.135,3.127.6.122,48164,443,6,479,1324,0.0,1
1697401806.694712,3.127.6.122,192.168.10.135,443,48164,6,256,27,0.024497032165527344,0
1697401806.694724,3.127.6.122,192.168.10.135,443,48164,6,114,27,1.2159347534179688e-05,0
1697401806.695024,192.168.10.135,3.127.6.122,48164,443,6,70,1324,0.0002999305725097656,1
1697401806.695025,192.168.10.135,3.127.6.122,48164,443,6,70,1324,9.5367431640625e-07,1
1697401811.709651,3.127.6.122,192.168.10.135,443,48164,6,70,27,5.0146260261535645,0
1697401811.70991,192.168.10.135,3.127.6.122,48164,443,6,70,1324,0.0002589225769042969,1
1697401821.712068,192.168.10.135,3.127.6.122,48164,443,6,479,1324,10.002158164978027,1
1697401821.733743,3.127.6.122,192.168.10.135,443,48164,6,256,27,0.02167487144470215,0
1697401821.734033,192.168.10.135,3.127.6.122,48164,443,6,70,1324,0.00029015541076660156,1
1697401821.73769,3.127.6.122,192.168.10.135,443,48164,6,114,27,0.0036568641662597656,0
1697401821.737924,192.168.10.135,3.127.6.122,48164,443,6,70,1324,0.00023412704467773438,1
1697401832.179081,3.127.6.122,192.168.10.135,443,48164,6,70,27,10.44115686416626,0
1697401832.179293,192.168.10.135,3.127.6.122,48164,443,6,70,1324,0.00021195411682128906,1
1697401836.754652,192.168.10.135,3.127.6.122,48164,443,6,479,1324,4.575359106063843,1
1697401836.778192,3.127.6.122,192.168.10.135,443,48164,6,278,27,0.023540019989013672,0
,,,,,,,,,
1697401809.943648,192.168.10.32,20.199.120.182,26186,443,6,163,1027,0.0,1
1697401809.962776,20.199.120.182,192.168.10.32,443,26186,6,233,7982,0.019127845764160156,0
1697401810.004765,192.168.10.32,20.199.120.182,26186,443,6,64,1026,0.04198908805847168,1
1697401869.955783,192.168.10.32,20.199.120.182,26186,443,6,163,1026,59.9510178565979,1
1697401869.975184,20.199.120.182,192.168.10.32,443,26186,6,233,7877,0.019401073455810547,0
1697401870.016784,192.168.10.32,20.199.120.182,26186,443,6,64,1025,0.04159998893737793,1
1697401929.955635,192.168.10.32,20.199.120.182,26186,443,6,163,1025,59.93885111808777,1
1697401929.974895,20.199.120.182,192.168.10.32,443,26186,6,233,7772,0.019259929656982422,0
1697401930.016715,192.168.10.32,20.199.120.182,26186,443,6,64,1025,0.04182004928588867,1
1697401989.95511,192.168.10.32,20.199.120.182,26186,443,6,163,1025,59.93839502334595,1
1697401989.974739,20.199.120.182,192.168.10.32,443,26186,6,233,7667,0.01962900161743164,0
1697401990.016407,192.168.10.32,20.199.120.182,26186,443,6,64,1024,0.041667938232421875,1
1697402049.954931,192.168.10.32,20.199.120.182,26186,443,6,163,1024,59.93852400779724,1
1697402049.973913,20.199.120.182,192.168.10.32,443,26186,6,233,7562,0.01898193359375,0
1697402050.016097,192.168.10.32,20.199.120.182,26186,443,6,64,1023,0.04218411445617676,1
1697402109.954506,192.168.10.32,20.199.120.182,26186,443,6,163,1023,59.938408851623535,1
,,,,,,,,,
1697401813.957106,192.168.10.135,131.130.37.53,49662,22,6,122,296,0.0,1
1697401813.958641,131.130.37.53,192.168.10.135,22,49662,6,98,501,0.0015349388122558594,0
1697401813.958975,192.168.10.135,131.130.37.53,49662,22,6,70,296,0.00033402442932128906,1
1697401874.019476,192.168.10.135,131.130.37.53,49662,22,6,122,296,60.06050086021423,1
1697401874.02117,131.130.37.53,192.168.10.135,22,49662,6,98,501,0.0016939640045166016,0
1697401874.021563,192.168.10.135,131.130.37.53,49662,22,6,70,296,0.00039315223693847656,1
1697401934.080128,192.168.10.135,131.130.37.53,49662,22,6,122,296,60.05856490135193,1
1697401934.081594,131.130.37.53,192.168.10.135,22,49662,6,98,501,0.0014660358428955078,0
1697401934.081912,192.168.10.135,131.130.37.53,49662,22,6,70,296,0.0003180503845214844,1
1697401994.142423,192.168.10.135,131.130.37.53,49662,22,6,122,296,60.060510873794556,1
1697401994.14629,131.130.37.53,192.168.10.135,22,49662,6,98,501,0.0038671493530273438,0
1697401994.146662,192.168.10.135,131.130.37.53,49662,22,6,70,296,0.0003719329833984375,1
1697402054.196689,192.168.10.135,131.130.37.53,49662,22,6,122,296,60.05002689361572,1
1697402054.198645,131.130.37.53,192.168.10.135,22,49662,6,98,501,0.0019562244415283203,0
1697402054.19908,192.168.10.135,131.130.37.53,49662,22,6,70,296,0.00043487548828125,1
1697402114.233012,192.168.10.135,131.130.37.53,49662,22,6,122,296,60.03393197059631,1
,,,,,,,,,
1697401815.958962,128.130.57.3,192.168.10.23,3000,39962,6,70,506,0.0,1
1697401815.959307,192.168.10.23,128.130.57.3,39962,3000,6,70,501,0.00034499168395996094,0
1697401821.474533,128.130.57.3,192.168.10.23,3000,39962,6,72,506,5.515226125717163,1
1697401821.474897,192.168.10.23,128.130.57.3,39962,3000,6,70,501,0.0003638267517089844,0
1697401821.475051,192.168.10.23,128.130.57.3,39962,3000,6,76,501,0.00015401840209960938,0
1697401821.518751,128.130.57.3,192.168.10.23,3000,39962,6,70,506,0.04369997978210449,1
1697401825.717005,192.168.10.23,128.130.57.3,39962,3000,6,100,501,4.198254108428955,0
1697401825.717772,128.130.57.3,192.168.10.23,3000,39962,6,70,506,0.0007669925689697266,1
1697401825.718088,128.130.57.3,192.168.10.23,3000,39962,6,85,506,0.0003159046173095703,1
1697401825.758647,192.168.10.23,128.130.57.3,39962,3000,6,70,501,0.04055905342102051,0
1697401840.791085,128.130.57.3,192.168.10.23,3000,39962,6,70,506,15.032438039779663,1
1697401840.791413,192.168.10.23,128.130.57.3,39962,3000,6,70,501,0.00032806396484375,0
1697401846.475529,128.130.57.3,192.168.10.23,3000,39962,6,72,506,5.684115886688232,1
1697401846.475862,192.168.10.23,128.130.57.3,39962,3000,6,70,501,0.0003330707550048828,0
1697401846.475993,192.168.10.23,128.130.57.3,39962,3000,6,76,501,0.0001308917999267578,0
1697401846.518921,128.130.57.3,192.168.10.23,3000,39962,6,70,506,0.04292798042297363,1
,,,,,,,,,
1697401818.623205,128.130.135.23,192.168.10.30,34240,1883,6,72,126,0.0,1
1697401818.627301,192.168.10.30,128.130.135.23,1883,34240,6,72,227,0.004096031188964844,0
1697401818.628499,128.130.135.23,192.168.10.30,34240,1883,6,70,126,0.0011980533599853516,1
1697401878.634094,128.130.135.23,192.168.10.30,34240,1883,6,72,126,60.005594968795776,1
1697401878.637832,192.168.10.30,128.130.135.23,1883,34240,6,72,227,0.003737926483154297,0
1697401878.639239,128.130.135.23,192.168.10.30,34240,1883,6,70,126,0.0014071464538574219,1
1697401938.644981,128.130.135.23,192.168.10.30,34240,1883,6,72,126,60.0057418346405,1
1697401938.648433,192.168.10.30,128.130.135.23,1883,34240,6,72,227,0.0034520626068115234,0
1697401938.64983,128.130.135.23,192.168.10.30,34240,1883,6,70,126,0.0013971328735351562,1
1697401998.65634,128.130.135.23,192.168.10.30,34240,1883,6,72,126,60.00650978088379,1
1697401998.662247,192.168.10.30,128.130.135.23,1883,34240,6,72,227,0.0059070587158203125,0
1697401998.66568,128.130.135.23,192.168.10.30,34240,1883,6,70,126,0.0034329891204833984,1
1697402058.667151,128.130.135.23,192.168.10.30,34240,1883,6,72,126,60.00147104263306,1
1697402058.672665,192.168.10.30,128.130.135.23,1883,34240,6,72,227,0.0055141448974609375,0
1697402058.674528,128.130.135.23,192.168.10.30,34240,1883,6,70,126,0.0018627643585205078,1
1697402118.678088,128.130.135.23,192.168.10.30,34240,1883,6,72,126,60.003560066223145,1
,,,,,,,,,
1697401819.430663,192.168.10.135,131.130.37.53,49658,22,6,122,290,0.0,1
1697401819.432099,131.130.37.53,192.168.10.135,22,49658,6,98,501,0.001435995101928711,0
1697401819.432467,192.168.10.135,131.130.37.53,49658,22,6,70,290,0.00036787986755371094,1
1697401879.490365,192.168.10.135,131.130.37.53,49658,22,6,122,290,60.05789804458618,1
1697401879.491627,131.130.37.53,192.168.10.135,22,49658,6,98,501,0.0012619495391845703,0
1697401879.491933,192.168.10.135,131.130.37.53,49658,22,6,70,290,0.00030612945556640625,1
1697401939.55271,192.168.10.135,131.130.37.53,49658,22,6,122,290,60.06077694892883,1
1697401939.554091,131.130.37.53,192.168.10.135,22,49658,6,98,501,0.00138092041015625,0
1697401939.554417,192.168.10.135,131.130.37.53,49658,22,6,70,290,0.00032591819763183594,1
1697401999.568364,192.168.10.135,131.130.37.53,49658,22,6,122,290,60.01394701004028,1
1697401999.571371,131.130.37.53,192.168.10.135,22,49658,6,98,501,0.003007173538208008,0
1697401999.571574,192.168.10.135,131.130.37.53,49658,22,6,70,290,0.0002028942108154297,1
1697402059.606064,192.168.10.135,131.130.37.53,49658,22,6,122,290,60.03449010848999,1
1697402059.607857,131.130.37.53,192.168.10.135,22,49658,6,98,501,0.00179290771484375,0
1697402059.608049,192.168.10.135,131.130.37.53,49658,22,6,70,290,0.0001919269561767578,1
1697402119.642261,192.168.10.135,131.130.37.53,49658,22,6,122,290,60.03421211242676,1
,,,,,,,,,
1697401819.430872,192.168.10.135,131.130.37.53,49660,22,6,122,296,0.0,1
1697401819.432109,131.130.37.53,192.168.10.135,22,49660,6,98,501,0.0012371540069580078,0
1697401819.432468,192.168.10.135,131.130.37.53,49660,22,6,70,296,0.00035881996154785156,1
1697401879.49015,192.168.10.135,131.130.37.53,49660,22,6,122,296,60.057682037353516,1
1697401879.491505,131.130.37.53,192.168.10.135,22,49660,6,98,501,0.0013549327850341797,0
1697401879.491854,192.168.10.135,131.130.37.53,49660,22,6,70,296,0.0003490447998046875,1
1697401939.552447,192.168.10.135,131.130.37.53,49660,22,6,122,296,60.060593128204346,1
1697401939.553953,131.130.37.53,192.168.10.135,22,49660,6,98,501,0.0015058517456054688,0
1697401939.554346,192.168.10.135,131.130.37.53,49660,22,6,70,296,0.00039315223693847656,1
1697401999.568125,192.168.10.135,131.130.37.53,49660,22,6,122,296,60.01377892494202,1
1697401999.570925,131.130.37.53,192.168.10.135,22,49660,6,98,501,0.00279998779296875,0
1697401999.571331,192.168.10.135,131.130.37.53,49660,22,6,70,296,0.00040602684020996094,1
1697402059.605851,192.168.10.135,131.130.37.53,49660,22,6,122,296,60.03451991081238,1
1697402059.607504,131.130.37.53,192.168.10.135,22,49660,6,98,501,0.0016529560089111328,0
1697402059.607838,192.168.10.135,131.130.37.53,49660,22,6,70,296,0.00033402442932128906,1
1697402119.642027,192.168.10.135,131.130.37.53,49660,22,6,122,296,60.034188985824585,1
,,,,,,,,,
1697401823.341242,192.168.10.150,192.168.10.255,5513,5512,17,64,0,0.0,1
1697401887.248237,192.168.10.150,192.168.10.255,5513,5512,17,64,0,63.90699481964111,1
1697401951.155179,192.168.10.150,192.168.10.255,5513,5512,17,64,0,63.90694212913513,1
1697402015.062202,192.168.10.150,192.168.10.255,5513,5512,17,64,0,63.90702295303345,1
1697402078.969096,192.168.10.150,192.168.10.255,5513,5512,17,64,0,63.90689396858215,1
1697402142.876065,192.168.10.150,192.168.10.255,5513,5512,17,64,0,63.90696907043457,1
1697402206.783025,192.168.10.150,192.168.10.255,5513,5512,17,64,0,63.906960010528564,1
1697402270.690087,192.168.10.150,192.168.10.255,5513,5512,17,64,0,63.90706205368042,1
1697402334.596958,192.168.10.150,192.168.10.255,5513,5512,17,64,0,63.90687084197998,1
1697402398.503905,192.168.10.150,192.168.10.255,5513,5512,17,64,0,63.90694713592529,1
1697402462.410878,192.168.10.150,192.168.10.255,5513,5512,17,64,0,63.906972885131836,1
1697402526.317886,192.168.10.150,192.168.10.255,5513,5512,17,64,0,63.90700817108154,1
1697402590.224789,192.168.10.150,192.168.10.255,5513,5512,17,64,0,63.90690279006958,1
1697402654.131742,192.168.10.150,192.168.10.255,5513,5512,17,64,0,63.90695309638977,1
1697402718.038692,192.168.10.150,192.168.10.255,5513,5512,17,64,0,63.90694999694824,1
1697402781.945718,192.168.10.150,192.168.10.255,5513,5512,17,64,0,63.907026052474976,1
,,,,,,,,,
1697401825.4972,192.168.10.135,131.130.37.53,49672,22,6,122,296,0.0,1
1697401825.498719,131.130.37.53,192.168.10.135,22,49672,6,98,501,0.0015189647674560547,0
1697401825.499045,192.168.10.135,131.130.37.53,49672,22,6,70,296,0.00032591819763183594,1
1697401885.559552,192.168.10.135,131.130.37.53,49672,22,6,122,296,60.06050705909729,1
1697401885.561204,131.130.37.53,192.168.10.135,22,49672,6,98,501,0.0016520023345947266,0
1697401885.561614,192.168.10.135,131.130.37.53,49672,22,6,70,296,0.0004100799560546875,1
1697401945.590079,192.168.10.135,131.130.37.53,49672,22,6,122,296,60.028465032577515,1
1697401945.591805,131.130.37.53,192.168.10.135,22,49672,6,98,501,0.001725912094116211,0
1697401945.592159,192.168.10.135,131.130.37.53,49672,22,6,70,296,0.0003540515899658203,1
1697402005.608272,192.168.10.135,131.130.37.53,49672,22,6,122,296,60.01611304283142,1
1697402005.611204,131.130.37.53,192.168.10.135,22,49672,6,98,501,0.002931833267211914,0
1697402005.611607,192.168.10.135,131.130.37.53,49672,22,6,70,296,0.0004031658172607422,1
1697402065.646183,192.168.10.135,131.130.37.53,49672,22,6,122,296,60.03457593917847,1
1697402065.650671,131.130.37.53,192.168.10.135,22,49672,6,98,501,0.0044879913330078125,0
1697402065.651084,192.168.10.135,131.130.37.53,49672,22,6,70,296,0.00041294097900390625,1
1697402125.690137,192.168.10.135,131.130.37.53,49672,22,6,122,296,60.039052963256836,1
,,,,,,,,,
1697401825.861102,192.168.10.135,131.130.37.53,35040,22,6,122,296,0.0,1
1697401825.86276,131.130.37.53,192.168.10.135,22,35040,6,98,501,0.0016579627990722656,0
1697401825.862969,192.168.10.135,131.130.37.53,35040,22,6,70,296,0.00020885467529296875,1
1697401885.923272,192.168.10.135,131.130.37.53,35040,22,6,122,296,60.06030297279358,1
1697401885.924841,131.130.37.53,192.168.10.135,22,35040,6,98,501,0.0015690326690673828,0
1697401885.925073,192.168.10.135,131.130.37.53,35040,22,6,70,296,0.0002319812774658203,1
1697401945.985401,192.168.10.135,131.130.37.53,35040,22,6,122,296,60.060328006744385,1
1697401945.987467,131.130.37.53,192.168.10.135,22,35040,6,98,501,0.0020661354064941406,0
1697401945.987721,192.168.10.135,131.130.37.53,35040,22,6,70,296,0.00025391578674316406,1
1697402006.047981,192.168.10.135,131.130.37.53,35040,22,6,122,296,60.06026005744934,1
1697402006.051489,131.130.37.53,192.168.10.135,22,35040,6,98,501,0.0035080909729003906,0
1697402006.051693,192.168.10.135,131.130.37.53,35040,22,6,70,296,0.00020384788513183594,1
1697402066.112012,192.168.10.135,131.130.37.53,35040,22,6,122,296,60.06031894683838,1
1697402066.114697,131.130.37.53,192.168.10.135,22,35040,6,98,501,0.002685070037841797,0
1697402066.114967,192.168.10.135,131.130.37.53,35040,22,6,70,296,0.0002701282501220703,1
1697402126.175291,192.168.10.135,131.130.37.53,35040,22,6,122,296,60.06032395362854,1
,,,,,,,,,
1697401831.10046,192.168.10.135,131.130.37.53,49656,22,6,122,296,0.0,1
1697401831.102034,131.130.37.53,192.168.10.135,22,49656,6,98,501,0.0015740394592285156,0
1697401831.102279,192.168.10.135,131.130.37.53,49656,22,6,70,296,0.0002448558807373047,1
1697401891.162596,192.168.10.135,131.130.37.53,49656,22,6,122,296,60.060317039489746,1
1697401891.164001,131.130.37.53,192.168.10.135,22,49656,6,98,501,0.0014050006866455078,0
1697401891.164238,192.168.10.135,131.130.37.53,49656,22,6,70,296,0.00023698806762695312,1
1697401951.224558,192.168.10.135,131.130.37.53,49656,22,6,122,296,60.060320138931274,1
1697401951.226093,131.130.37.53,192.168.10.135,22,49656,6,98,501,0.0015349388122558594,0
1697401951.226322,192.168.10.135,131.130.37.53,49656,22,6,70,296,0.0002288818359375,1
1697402011.286629,192.168.10.135,131.130.37.53,49656,22,6,122,296,60.060307025909424,1
1697402011.289765,131.130.37.53,192.168.10.135,22,49656,6,98,501,0.0031359195709228516,0
1697402011.290004,192.168.10.135,131.130.37.53,49656,22,6,70,296,0.0002391338348388672,1
1697402071.350367,192.168.10.135,131.130.37.53,49656,22,6,122,296,60.06036305427551,1
1697402071.355215,131.130.37.53,192.168.10.135,22,49656,6,98,501,0.004848003387451172,0
1697402071.355482,192.168.10.135,131.130.37.53,49656,22,6,70,296,0.00026702880859375,1
1697402131.415767,192.168.10.135,131.130.37.53,49656,22,6,122,296,60.06028485298157,1
,,,,,,,,,
1697401849.712637,128.130.135.23,192.168.10.30,39808,1883,6,72,1537,0.0,1
1697401849.717326,192.168.10.30,128.130.135.23,1883,39808,6,72,235,0.00468897819519043,0
1697401849.718385,128.130.135.23,192.168.10.30,39808,1883,6,70,1537,0.0010590553283691406,1
1697401909.713139,128.130.135.23,192.168.10.30,39808,1883,6,72,1537,59.99475407600403,1
1697401909.716881,192.168.10.30,128.130.135.23,1883,39808,6,72,235,0.0037419795989990234,0
1697401909.717958,128.130.135.23,192.168.10.30,39808,1883,6,70,1537,0.0010769367218017578,1
1697401969.71407,128.130.135.23,192.168.10.30,39808,1883,6,72,1537,59.99611210823059,1
1697401969.722667,192.168.10.30,128.130.135.23,1883,39808,6,72,235,0.00859689712524414,0
1697401969.724989,128.130.135.23,192.168.10.30,39808,1883,6,70,1537,0.002321958541870117,1
1697402029.715121,128.130.135.23,192.168.10.30,39808,1883,6,72,1537,59.990132093429565,1
1697402029.720965,192.168.10.30,128.130.135.23,1883,39808,6,72,235,0.0058438777923583984,0
1697402029.724238,128.130.135.23,192.168.10.30,39808,1883,6,70,1537,0.00327301025390625,1
1697402089.716383,128.130.135.23,192.168.10.30,39808,1883,6,72,1537,59.99214506149292,1
1697402089.720835,192.168.10.30,128.130.135.23,1883,39808,6,72,235,0.0044519901275634766,0
1697402089.722171,128.130.135.23,192.168.10.30,39808,1883,6,70,1537,0.0013360977172851562,1
1697402149.718605,128.130.135.23,192.168.10.30,39808,1883,6,72,1537,59.99643397331238,1
,,,,,,,,,
1697401852.245167,128.131.67.19,192.168.10.22,50414,22,6,154,32766,0.0,1
1697401852.25524,128.131.67.19,192.168.10.22,50414,22,6,138,32766,0.010072946548461914,1
1697401852.265799,128.131.67.19,192.168.10.22,50414,22,6,64,32768,0.01055908203125,1
1697401852.269373,128.131.67.19,192.168.10.22,50414,22,6,138,32768,0.003573894500732422,1
1697401852.320381,128.131.67.19,192.168.10.22,50414,22,6,64,32767,0.051007986068725586,1
1697401852.96111,128.131.67.19,192.168.10.22,50414,22,6,138,32767,0.6407291889190674,1
1697401853.012505,128.131.67.19,192.168.10.22,50414,22,6,64,32766,0.05139493942260742,1
1697401853.08753,128.131.67.19,192.168.10.22,50414,22,6,154,32766,0.07502484321594238,1
1697401853.098682,128.131.67.19,192.168.10.22,50414,22,6,138,32766,0.011152029037475586,1
1697401853.109214,128.131.67.19,192.168.10.22,50414,22,6,64,32768,0.010532140731811523,1
1697401853.113033,128.131.67.19,192.168.10.22,50414,22,6,138,32768,0.003818988800048828,1
1697401853.163798,128.131.67.19,192.168.10.22,50414,22,6,64,32767,0.050765037536621094,1
1697401853.822347,128.131.67.19,192.168.10.22,50414,22,6,138,32767,0.6585488319396973,1
1697401853.834818,128.131.67.19,192.168.10.22,50414,22,6,154,32766,0.01247096061706543,1
1697401853.844517,128.131.67.19,192.168.10.22,50414,22,6,138,32766,0.009699106216430664,1
1697401853.856699,128.131.67.19,192.168.10.22,50414,22,6,64,32768,0.012181997299194336,1
,,,,,,,,,
1697402002.224364,192.168.10.135,3.127.6.122,48380,443,6,78,29200,0.0,1
1697402002.241581,3.127.6.122,192.168.10.135,443,48380,6,78,26847,0.017216920852661133,0
1697402002.241967,192.168.10.135,3.127.6.122,48380,443,6,70,229,0.0003859996795654297,1
1697402002.251371,192.168.10.135,3.127.6.122,48380,443,6,342,229,0.00940394401550293,1
1697402002.266703,3.127.6.122,192.168.10.135,443,48380,6,70,7,0.01533198356628418,0
1697402002.267401,3.127.6.122,192.168.10.135,443,48380,6,197,7,0.000698089599609375,0
1697402002.267426,3.127.6.122,192.168.10.135,443,48380,6,76,7,2.5033950805664062e-05,0
1697402002.267452,3.127.6.122,192.168.10.135,443,48380,6,102,7,2.5987625122070312e-05,0
1697402002.267679,192.168.10.135,3.127.6.122,48380,443,6,70,229,0.0002269744873046875,1
1697402002.26768,192.168.10.135,3.127.6.122,48380,443,6,70,229,9.5367431640625e-07,1
1697402002.2677,3.127.6.122,192.168.10.135,443,48380,6,1518,7,2.002716064453125e-05,0
1697402002.267773,192.168.10.135,3.127.6.122,48380,443,6,70,229,7.295608520507812e-05,1
1697402002.267819,3.127.6.122,192.168.10.135,443,48380,6,1518,7,4.601478576660156e-05,0
1697402002.267921,192.168.10.135,3.127.6.122,48380,443,6,70,251,0.00010204315185546875,1
1697402002.267959,3.127.6.122,192.168.10.135,443,48380,6,1518,7,3.814697265625e-05,0
1697402002.267971,3.127.6.122,192.168.10.135,443,48380,6,714,7,1.1920928955078125e-05,0
,,,,,,,,,
1697402011.488329,128.131.67.19,192.168.10.22,18928,22,6,122,6145,0.0,1
1697402011.551795,128.131.67.19,192.168.10.22,18928,22,6,64,6144,0.06346607208251953,1
1697402011.566413,128.131.67.19,192.168.10.22,18928,22,6,122,6144,0.014617919921875,1
1697402011.628637,128.131.67.19,192.168.10.22,18928,22,6,64,6144,0.06222414970397949,1
1697402011.744288,128.131.67.19,192.168.10.22,18928,22,6,122,6144,0.11565089225769043,1
1697402011.807549,128.131.67.19,192.168.10.22,18928,22,6,122,6144,0.06326103210449219,1
1697402011.870551,128.131.67.19,192.168.10.22,18928,22,6,64,6144,0.06300210952758789,1
1697402012.102866,128.131.67.19,192.168.10.22,18928,22,6,122,6144,0.2323148250579834,1
1697402012.131924,128.131.67.19,192.168.10.22,18928,22,6,64,6143,0.029057979583740234,1
1697402012.173251,128.131.67.19,192.168.10.22,18928,22,6,64,6142,0.04132699966430664,1
1697402012.230523,128.131.67.19,192.168.10.22,18928,22,6,64,6145,0.05727219581604004,1
1697402012.230737,128.131.67.19,192.168.10.22,18928,22,6,64,6145,0.00021386146545410156,1
1697402012.230948,128.131.67.19,192.168.10.22,18928,22,6,64,6145,0.0002110004425048828,1
1697402012.230974,128.131.67.19,192.168.10.22,18928,22,6,64,6143,2.5987625122070312e-05,1
1697402013.736157,128.131.67.19,192.168.10.22,18928,22,6,64,6141,1.5051829814910889,1
1697402015.239432,128.131.67.19,192.168.10.22,18928,22,6,64,6140,1.5032751560211182,1
,,,,,,,,,
1697402014.826063,192.168.10.23,34.117.65.55,58196,443,6,100,501,0.0,1
1697402014.844002,34.117.65.55,192.168.10.23,443,58196,6,70,267,0.017939090728759766,0
1697402014.993532,34.117.65.55,192.168.10.23,443,58196,6,96,267,0.14952993392944336,0
1697402015.034693,192.168.10.23,34.117.65.55,58196,443,6,70,501,0.04116106033325195,1
1697402015.479469,34.117.65.55,192.168.10.23,443,58196,6,94,267,0.4447760581970215,0
1697402015.479793,192.168.10.23,34.117.65.55,58196,443,6,70,501,0.00032401084899902344,1
1697402015.47995,192.168.10.23,34.117.65.55,58196,443,6,98,501,0.00015687942504882812,1
1697402015.498538,34.117.65.55,192.168.10.23,443,58196,6,70,267,0.01858806610107422,0
1697402315.651756,34.117.65.55,192.168.10.23,443,58196,6,94,267,300.15321803092957,0
1697402315.652124,192.168.10.23,34.117.65.55,58196,443,6,70,501,0.00036787986755371094,1
1697402315.65235,192.168.10.23,34.117.65.55,58196,443,6,98,501,0.00022602081298828125,1
1697402315.670883,34.117.65.55,192.168.10.23,443,58196,6,70,267,0.018532991409301758,0
1697402615.821522,34.117.65.55,192.168.10.23,443,58196,6,94,267,300.1506390571594,0
1697402615.821895,192.168.10.23,34.117.65.55,58196,443,6,70,501,0.00037288665771484375,1
1697402615.822123,192.168.10.23,34.117.65.55,58196,443,6,98,501,0.0002281665802001953,1
1697402615.84021,34.117.65.55,192.168.10.23,443,58196,6,70,267,0.018086910247802734,0
,,,,,,,,,
1697402082.499143,192.168.10.32,40.70.229.150,26668,443,6,70,64240,0.0,1
1697402082.600222,40.70.229.150,192.168.10.32,443,26668,6,70,65535,0.10107922554016113,0
1697402082.600523,192.168.10.32,40.70.229.150,26668,443,6,64,1029,0.0003008842468261719,1
1697402082.601026,192.168.10.32,40.70.229.150,26668,443,6,280,1029,0.0005030632019042969,1
1697402082.701721,40.70.229.150,192.168.10.32,443,26668,6,1518,2052,0.10069489479064941,0
1697402082.701733,40.70.229.150,192.168.10.32,443,26668,6,1029,2052,1.2159347534179688e-05,0
1697402082.702149,192.168.10.32,40.70.229.150,26668,443,6,64,1029,0.000415802001953125,1
1697402082.707803,192.168.10.32,40.70.229.150,26668,443,6,216,1029,0.005654096603393555,1
1697402082.810061,40.70.229.150,192.168.10.32,443,26668,6,109,2051,0.10225796699523926,0
1697402082.810072,40.70.229.150,192.168.10.32,443,26668,6,127,2051,1.0967254638671875e-05,0
1697402082.810461,192.168.10.32,40.70.229.150,26668,443,6,64,1028,0.00038909912109375,1
1697402082.811746,192.168.10.32,40.70.229.150,26668,443,6,145,1028,0.0012848377227783203,1
1697402082.811847,192.168.10.32,40.70.229.150,26668,443,6,208,1028,0.0001010894775390625,1
1697402082.811918,192.168.10.32,40.70.229.150,26668,443,6,96,1028,7.104873657226562e-05,1
1697402082.811965,192.168.10.32,40.70.229.150,26668,443,6,709,1028,4.696846008300781e-05,1
1697402082.910161,40.70.229.150,192.168.10.32,443,26668,6,64,2050,0.09819602966308594,0
,,,,,,,,,
1697402082.51119,192.168.10.32,52.179.216.235,26669,443,6,70,64240,0.0,1
1697402082.61521,52.179.216.235,192.168.10.32,443,26669,6,70,65535,0.1040201187133789,0
1697402082.615533,192.168.10.32,52.179.216.235,26669,443,6,64,1029,0.0003230571746826172,1
1697402082.616027,192.168.10.32,52.179.216.235,26669,443,6,280,1029,0.0004940032958984375,1
1697402082.719231,52.179.216.235,192.168.10.32,443,26669,6,1518,2052,0.10320377349853516,0
1697402082.719244,52.179.216.235,192.168.10.32,443,26669,6,1029,2052,1.3113021850585938e-05,0
1697402082.719526,192.168.10.32,52.179.216.235,26669,443,6,64,1029,0.00028204917907714844,1
1697402082.72201,192.168.10.32,52.179.216.235,26669,443,6,216,1029,0.002483844757080078,1
1697402082.824216,52.179.216.235,192.168.10.32,443,26669,6,109,2051,0.10220599174499512,0
1697402082.824227,52.179.216.235,192.168.10.32,443,26669,6,127,2051,1.1205673217773438e-05,0
1697402082.824572,192.168.10.32,52.179.216.235,26669,443,6,64,1028,0.00034499168395996094,1
1697402082.826131,192.168.10.32,52.179.216.235,26669,443,6,145,1028,0.0015590190887451172,1
1697402082.826224,192.168.10.32,52.179.216.235,26669,443,6,208,1028,9.298324584960938e-05,1
1697402082.826329,192.168.10.32,52.179.216.235,26669,443,6,96,1028,0.0001049041748046875,1
1697402082.826369,192.168.10.32,52.179.216.235,26669,443,6,709,1028,4.00543212890625e-05,1
1697402082.927566,52.179.216.235,192.168.10.32,443,26669,6,64,2050,0.1011970043182373,0
,,,,,,,,,
1697402082.523679,192.168.10.32,52.184.213.187,26670,443,6,70,64240,0.0,1
1697402082.625692,52.184.213.187,192.168.10.32,443,26670,6,70,65535,0.10201287269592285,0
1697402082.626045,192.168.10.32,52.184.213.187,26670,443,6,64,1029,0.00035309791564941406,1
1697402082.626591,192.168.10.32,52.184.213.187,26670,443,6,280,1029,0.0005459785461425781,1
1697402082.727618,52.184.213.187,192.168.10.32,443,26670,6,1518,2052,0.10102701187133789,0
1697402082.72763,52.184.213.187,192.168.10.32,443,26670,6,1030,2052,1.1920928955078125e-05,0
1697402082.727968,192.168.10.32,52.184.213.187,26670,443,6,64,1029,0.0003380775451660156,1
1697402082.730749,192.168.10.32,52.184.213.187,26670,443,6,216,1029,0.002780914306640625,1
1697402082.831402,52.184.213.187,192.168.10.32,443,26670,6,109,2051,0.10065317153930664,0
1697402082.831413,52.184.213.187,192.168.10.32,443,26670,6,127,2051,1.0967254638671875e-05,0
1697402082.831952,192.168.10.32,52.184.213.187,26670,443,6,64,1028,0.0005390644073486328,1
1697402082.833932,192.168.10.32,52.184.213.187,26670,443,6,145,1028,0.001979827880859375,1
1697402082.834032,192.168.10.32,52.184.213.187,26670,443,6,96,1028,0.00010013580322265625,1
1697402082.834133,192.168.10.32,52.184.213.187,26670,443,6,208,1028,0.00010085105895996094,1
1697402082.83425,192.168.10.32,52.184.213.187,26670,443,6,712,1028,0.00011706352233886719,1
1697402082.933287,52.184.213.187,192.168.10.32,443,26670,6,64,2051,0.09903693199157715,0
,,,,,,,,,
1697402181.716743,192.168.10.32,239.255.255.250,63733,3702,17,702,0,0.0,1
1697402181.941169,192.168.10.32,239.255.255.250,63733,3702,17,702,0,0.2244260311126709,1
1697402182.391848,192.168.10.32,239.255.255.250,63733,3702,17,702,0,0.45067906379699707,1
1697402183.292107,192.168.10.32,239.255.255.250,63733,3702,17,702,0,0.9002590179443359,1
1697402185.092918,192.168.10.32,239.255.255.250,63733,3702,17,702,0,1.8008108139038086,1
1697402187.096352,192.168.10.32,239.255.255.250,63733,3702,17,702,0,2.003434181213379,1
1697402189.096269,192.168.10.32,239.255.255.250,63733,3702,17,702,0,1.9999167919158936,1
1697402191.726773,192.168.10.32,239.255.255.250,63733,3702,17,702,0,2.6305041313171387,1
1697402191.957149,192.168.10.32,239.255.255.250,63733,3702,17,702,0,0.2303760051727295,1
1697402192.399388,192.168.10.32,239.255.255.250,63733,3702,17,702,0,0.44223904609680176,1
1697402193.28376,192.168.10.32,239.255.255.250,63733,3702,17,702,0,0.8843719959259033,1
1697402195.055842,192.168.10.32,239.255.255.250,63733,3702,17,702,0,1.7720818519592285,1
1697402197.070732,192.168.10.32,239.255.255.250,63733,3702,17,702,0,2.014890193939209,1
1697402199.085888,192.168.10.32,239.255.255.250,63733,3702,17,702,0,2.015155792236328,1
1697402801.800318,192.168.10.32,239.255.255.250,63733,3702,17,702,0,602.7144300937653,1
1697402802.035766,192.168.10.32,239.255.255.250,63733,3702,17,702,0,0.23544788360595703,1
,,,,,,,,,
1697402200.855787,192.168.10.150,239.255.255.250,1900,1900,17,546,0,0.0,1
1697402200.85591,192.168.10.150,239.255.255.250,1900,1900,17,548,0,0.00012302398681640625,1
1697402200.856003,192.168.10.150,239.255.255.250,1900,1900,17,482,0,9.298324584960938e-05,1
1697402200.856152,192.168.10.150,239.255.255.250,1900,1900,17,562,0,0.00014901161193847656,1
1697402200.856238,192.168.10.150,239.255.255.250,1900,1900,17,534,0,8.58306884765625e-05,1
1697402200.856354,192.168.10.150,239.255.255.250,1900,1900,17,491,0,0.00011610984802246094,1
1697402203.866171,192.168.10.150,239.255.255.250,1900,1900,17,491,0,3.009816884994507,1
1697402203.866254,192.168.10.150,239.255.255.250,1900,1900,17,534,0,8.320808410644531e-05,1
1697402203.866295,192.168.10.150,239.255.255.250,1900,1900,17,562,0,4.100799560546875e-05,1
1697402203.866363,192.168.10.150,239.255.255.250,1900,1900,17,482,0,6.794929504394531e-05,1
1697402203.866467,192.168.10.150,239.255.255.250,1900,1900,17,548,0,0.00010395050048828125,1
1697402203.866571,192.168.10.150,239.255.255.250,1900,1900,17,546,0,0.00010395050048828125,1
1697402206.876724,192.168.10.150,239.255.255.250,1900,1900,17,548,0,3.01015305519104,1
1697402206.876825,192.168.10.150,239.255.255.250,1900,1900,17,546,0,0.0001010894775390625,1
1697402206.876916,192.168.10.150,239.255.255.250,1900,1900,17,482,0,9.083747863769531e-05,1
1697402206.877003,192.168.10.150,239.255.255.250,1900,1900,17,562,0,8.702278137207031e-05,1
,,,,,,,,,
1697402576.417591,192.168.10.23,142.251.36.106,48816,443,6,78,64240,0.0,1
1697402576.436281,142.251.36.106,192.168.10.23,443,48816,6,78,65535,0.018689870834350586,0
1697402576.436444,192.168.10.23,142.251.36.106,48816,443,6,70,502,0.00016307830810546875,1
1697402576.437301,192.168.10.23,142.251.36.106,48816,443,6,723,502,0.0008568763732910156,1
1697402576.437376,192.168.10.23,142.251.36.106,48816,443,6,76,502,7.510185241699219e-05,1
1697402576.437492,192.168.10.23,142.251.36.106,48816,443,6,600,502,0.00011587142944335938,1
1697402576.455504,142.251.36.106,192.168.10.23,443,48816,6,70,262,0.018012046813964844,0
1697402576.455516,142.251.36.106,192.168.10.23,443,48816,6,70,262,1.2159347534179688e-05,0
1697402576.45565,142.251.36.106,192.168.10.23,443,48816,6,70,267,0.00013399124145507812,0
1697402576.47113,142.251.36.106,192.168.10.23,443,48816,6,824,267,0.015479803085327148,0
1697402576.471137,142.251.36.106,192.168.10.23,443,48816,6,132,267,7.152557373046875e-06,0
1697402576.471158,142.251.36.106,192.168.10.23,443,48816,6,101,267,2.09808349609375e-05,0
1697402576.471195,192.168.10.23,142.251.36.106,48816,443,6,70,501,3.695487976074219e-05,1
1697402576.471196,192.168.10.23,142.251.36.106,48816,443,6,70,501,9.5367431640625e-07,1
1697402576.471258,192.168.10.23,142.251.36.106,48816,443,6,70,501,6.198883056640625e-05,1
1697402576.471302,142.251.36.106,192.168.10.23,443,48816,6,309,267,4.410743713378906e-05,0
,,,,,,,,,
1697402915.963891,192.168.10.32,51.104.136.2,26671,443,6,70,64240,0.0,1
1697402915.997469,51.104.136.2,192.168.10.32,443,26671,6,70,65535,0.033577919006347656,0
1697402915.997762,192.168.10.32,51.104.136.2,26671,443,6,64,1029,0.0002930164337158203,1
1697402915.998906,192.168.10.32,51.104.136.2,26671,443,6,274,1029,0.0011439323425292969,1
1697402916.033173,51.104.136.2,192.168.10.32,443,26671,6,1518,16384,0.03426718711853027,0
1697402916.033282,51.104.136.2,192.168.10.32,443,26671,6,1518,16384,0.00010895729064941406,0
1697402916.033294,51.104.136.2,192.168.10.32,443,26671,6,896,16384,1.1920928955078125e-05,0
1697402916.033492,192.168.10.32,51.104.136.2,26671,443,6,64,1029,0.00019812583923339844,1
1697402916.037362,192.168.10.32,51.104.136.2,26671,443,6,216,1029,0.0038700103759765625,1
1697402916.070696,51.104.136.2,192.168.10.32,443,26671,6,109,16383,0.03333401679992676,0
1697402916.070708,51.104.136.2,192.168.10.32,443,26671,6,127,16383,1.1920928955078125e-05,0
1697402916.071027,192.168.10.32,51.104.136.2,26671,443,6,64,1028,0.0003190040588378906,1
1697402916.093049,192.168.10.32,51.104.136.2,26671,443,6,145,1028,0.022022008895874023,1
1697402916.093142,192.168.10.32,51.104.136.2,26671,443,6,284,1028,9.298324584960938e-05,1
1697402916.093253,192.168.10.32,51.104.136.2,26671,443,6,96,1028,0.00011086463928222656,1
1697402916.124595,51.104.136.2,192.168.10.32,443,26671,6,96,16382,0.0313420295715332,0
,,,,,,,,,
1697402916.508937,192.168.10.32,51.104.136.2,26672,443,6,70,64240,0.0,1
1697402916.542689,51.104.136.2,192.168.10.32,443,26672,6,70,65535,0.0337522029876709,0
1697402916.543005,192.168.10.32,51.104.136.2,26672,443,6,64,1029,0.0003159046173095703,1
1697402916.543377,192.168.10.32,51.104.136.2,26672,443,6,274,1029,0.0003719329833984375,1
1697402916.576636,51.104.136.2,192.168.10.32,443,26672,6,1518,16384,0.03325915336608887,0
1697402916.57748,51.104.136.2,192.168.10.32,443,26672,6,1518,16384,0.0008440017700195312,0
1697402916.577493,51.104.136.2,192.168.10.32,443,26672,6,896,16384,1.2874603271484375e-05,0
1697402916.577844,192.168.10.32,51.104.136.2,26672,443,6,64,1029,0.0003509521484375,1
1697402916.580531,192.168.10.32,51.104.136.2,26672,443,6,216,1029,0.0026869773864746094,1
1697402916.613728,51.104.136.2,192.168.10.32,443,26672,6,109,16383,0.03319716453552246,0
1697402916.613738,51.104.136.2,192.168.10.32,443,26672,6,127,16383,1.0013580322265625e-05,0
1697402916.614033,192.168.10.32,51.104.136.2,26672,443,6,64,1028,0.0002949237823486328,1
1697402916.615041,192.168.10.32,51.104.136.2,26672,443,6,145,1028,0.0010080337524414062,1
1697402916.615142,192.168.10.32,51.104.136.2,26672,443,6,1045,1028,0.0001010894775390625,1
1697402916.615261,192.168.10.32,51.104.136.2,26672,443,6,96,1028,0.00011897087097167969,1
1697402916.646855,51.104.136.2,192.168.10.32,443,26672,6,96,16383,0.031594038009643555,0
,,,,,,,,,
1697403259.885418,192.168.10.32,52.184.214.53,26674,443,6,70,64240,0.0,1
1697403259.987056,52.184.214.53,192.168.10.32,443,26674,6,70,65535,0.1016380786895752,0
1697403259.98741,192.168.10.32,52.184.214.53,26674,443,6,64,1029,0.0003540515899658203,1
1697403259.987965,192.168.10.32,52.184.214.53,26674,443,6,280,1029,0.0005550384521484375,1
1697403260.089641,52.184.214.53,192.168.10.32,443,26674,6,1518,2052,0.10167598724365234,0
1697403260.090069,52.184.214.53,192.168.10.32,443,26674,6,1029,2052,0.0004279613494873047,0
1697403260.090347,192.168.10.32,52.184.214.53,26674,443,6,64,1029,0.0002779960632324219,1
1697403260.101128,192.168.10.32,52.184.214.53,26674,443,6,216,1029,0.010781049728393555,1
1697403260.202836,52.184.214.53,192.168.10.32,443,26674,6,109,2051,0.10170793533325195,0
1697403260.202849,52.184.214.53,192.168.10.32,443,26674,6,127,2051,1.2874603271484375e-05,0
1697403260.203305,192.168.10.32,52.184.214.53,26674,443,6,64,1028,0.00045609474182128906,1
1697403260.205907,192.168.10.32,52.184.214.53,26674,443,6,145,1028,0.002602100372314453,1
1697403260.20609,192.168.10.32,52.184.214.53,26674,443,6,210,1028,0.00018286705017089844,1
1697403260.206276,192.168.10.32,52.184.214.53,26674,443,6,96,1028,0.00018596649169921875,1
1697403260.206429,192.168.10.32,52.184.214.53,26674,443,6,709,1028,0.00015306472778320312,1
1697403260.306203,52.184.214.53,192.168.10.32,443,26674,6,96,2051,0.09977388381958008,0
,,,,,,,,,
1697403511.83436,192.168.10.135,35.159.42.141,42628,443,6,78,29200,0.0,1
1697403511.850166,35.159.42.141,192.168.10.135,443,42628,6,78,26847,0.015806198120117188,0
1697403511.850471,192.168.10.135,35.159.42.141,42628,443,6,70,229,0.00030493736267089844,1
1697403511.859661,192.168.10.135,35.159.42.141,42628,443,6,342,229,0.009190082550048828,1
1697403511.873885,35.159.42.141,192.168.10.135,443,42628,6,70,7,0.014223814010620117,0
1697403511.875101,35.159.42.141,192.168.10.135,443,42628,6,197,7,0.0012161731719970703,0
1697403511.875126,35.159.42.141,192.168.10.135,443,42628,6,76,7,2.47955322265625e-05,0
1697403511.875259,35.159.42.141,192.168.10.135,443,42628,6,102,7,0.00013303756713867188,0
1697403511.875387,192.168.10.135,35.159.42.141,42628,443,6,70,229,0.00012803077697753906,1
1697403511.875387,192.168.10.135,35.159.42.141,42628,443,6,70,229,0.0,1
1697403511.87543,35.159.42.141,192.168.10.135,443,42628,6,1518,7,4.315376281738281e-05,0
1697403511.875497,192.168.10.135,35.159.42.141,42628,443,6,70,229,6.699562072753906e-05,1
1697403511.875545,35.159.42.141,192.168.10.135,443,42628,6,1518,7,4.792213439941406e-05,0
1697403511.875649,192.168.10.135,35.159.42.141,42628,443,6,70,251,0.00010395050048828125,1
1697403511.875665,35.159.42.141,192.168.10.135,443,42628,6,356,7,1.5974044799804688e-05,0
1697403511.875688,35.159.42.141,192.168.10.135,443,42628,6,128,7,2.3126602172851562e-05,0
,,,,,,,,,
1697403704.85716,192.168.10.32,52.182.143.209,26675,443,6,70,64240,0.0,1
1697403704.993196,52.182.143.209,192.168.10.32,443,26675,6,70,65535,0.13603591918945312,0
1697403704.993738,192.168.10.32,52.182.143.209,26675,443,6,64,1029,0.0005419254302978516,1
1697403704.994738,192.168.10.32,52.182.143.209,26675,443,6,272,1029,0.0010001659393310547,1
1697403705.126177,52.182.143.209,192.168.10.32,443,26675,6,1518,2052,0.1314389705657959,0
1697403705.126223,52.182.143.209,192.168.10.32,443,26675,6,1518,2052,4.601478576660156e-05,0
1697403705.126353,52.182.143.209,192.168.10.32,443,26675,6,1518,2052,0.00012993812561035156,0
1697403705.126365,52.182.143.209,192.168.10.32,443,26675,6,171,2052,1.1920928955078125e-05,0
1697403705.126825,192.168.10.32,52.182.143.209,26675,443,6,64,1029,0.0004601478576660156,1
1697403705.134547,192.168.10.32,52.182.143.209,26675,443,6,216,1029,0.007721900939941406,1
1697403705.264839,52.182.143.209,192.168.10.32,443,26675,6,109,2051,0.13029193878173828,0
1697403705.264963,52.182.143.209,192.168.10.32,443,26675,6,127,2051,0.0001239776611328125,0
1697403705.265293,192.168.10.32,52.182.143.209,26675,443,6,64,1028,0.0003299713134765625,1
1697403705.269928,192.168.10.32,52.182.143.209,26675,443,6,145,1028,0.0046350955963134766,1
1697403705.270067,192.168.10.32,52.182.143.209,26675,443,6,727,1028,0.00013899803161621094,1
1697403705.270235,192.168.10.32,52.182.143.209,26675,443,6,96,1028,0.00016808509826660156,1
,,,,,,,,,
1697403819.643774,192.168.10.23,34.117.65.55,58202,443,6,78,64240,0.0,1
1697403819.662722,34.117.65.55,192.168.10.23,443,58202,6,78,65535,0.018948078155517578,0
1697403819.663087,192.168.10.23,34.117.65.55,58202,443,6,70,502,0.0003647804260253906,1
1697403819.666942,192.168.10.23,34.117.65.55,58202,443,6,724,502,0.003854990005493164,1
1697403819.685661,34.117.65.55,192.168.10.23,443,58202,6,70,262,0.018719196319580078,0
1697403819.705143,34.117.65.55,192.168.10.23,443,58202,6,282,262,0.019481897354125977,0
1697403819.705422,192.168.10.23,34.117.65.55,58202,443,6,70,501,0.0002789497375488281,1
1697403819.706931,192.168.10.23,34.117.65.55,58202,443,6,134,501,0.0015091896057128906,1
1697403819.710231,192.168.10.23,34.117.65.55,58202,443,6,240,501,0.0032999515533447266,1
1697403819.724991,34.117.65.55,192.168.10.23,443,58202,6,656,262,0.014760017395019531,0
1697403819.72528,192.168.10.23,34.117.65.55,58202,443,6,70,501,0.00028896331787109375,1
1697403819.725429,192.168.10.23,34.117.65.55,58202,443,6,101,501,0.00014901161193847656,1
1697403819.728003,34.117.65.55,192.168.10.23,443,58202,6,101,267,0.0025739669799804688,0
1697403819.728261,192.168.10.23,34.117.65.55,58202,443,6,70,501,0.0002579689025878906,1
1697403819.748504,34.117.65.55,192.168.10.23,443,58202,6,70,267,0.020242929458618164,0
1697403878.726846,192.168.10.23,34.117.65.55,58202,443,6,109,501,58.978342056274414,1
,,,,,,,,,
1697403819.725621,192.168.10.23,34.117.65.55,58204,443,6,78,64240,0.0,1
1697403819.744424,34.117.65.55,192.168.10.23,443,58204,6,78,65535,0.018803119659423828,0
1697403819.744704,192.168.10.23,34.117.65.55,58204,443,6,70,502,0.0002799034118652344,1
1697403819.745879,192.168.10.23,34.117.65.55,58204,443,6,715,502,0.0011749267578125,1
1697403819.764152,34.117.65.55,192.168.10.23,443,58204,6,70,262,0.018273115158081055,0
1697403819.781984,34.117.65.55,192.168.10.23,443,58204,6,288,262,0.017832040786743164,0
1697403819.782262,192.168.10.23,34.117.65.55,58204,443,6,70,501,0.0002779960632324219,1
1697403819.783165,192.168.10.23,34.117.65.55,58204,443,6,134,501,0.0009028911590576172,1
1697403819.785602,192.168.10.23,34.117.65.55,58204,443,6,606,501,0.002437114715576172,1
1697403819.803099,34.117.65.55,192.168.10.23,443,58204,6,70,267,0.017496824264526367,0
1697403819.957527,34.117.65.55,192.168.10.23,443,58204,6,868,267,0.15442800521850586,0
1697403819.957849,192.168.10.23,34.117.65.55,58204,443,6,70,501,0.00032210350036621094,1
1697403819.963564,192.168.10.23,34.117.65.55,58204,443,6,156,501,0.005714893341064453,1
1697403819.986059,34.117.65.55,192.168.10.23,443,58204,6,70,267,0.022495031356811523,0
1697403820.133014,34.117.65.55,192.168.10.23,443,58204,6,207,267,0.14695501327514648,0
1697403820.133329,192.168.10.23,34.117.65.55,58204,443,6,70,501,0.00031495094299316406,1
,,,,,,,,,
1697403981.278585,192.168.10.32,51.104.136.2,26676,443,6,70,64240,0.0,1
1697403981.311688,51.104.136.2,192.168.10.32,443,26676,6,70,65535,0.033102989196777344,0
1697403981.312027,192.168.10.32,51.104.136.2,26676,443,6,64,1029,0.0003390312194824219,1
1697403981.31251,192.168.10.32,51.104.136.2,26676,443,6,274,1029,0.0004830360412597656,1
1697403981.346794,51.104.136.2,192.168.10.32,443,26676,6,1518,16384,0.03428387641906738,0
1697403981.346902,51.104.136.2,192.168.10.32,443,26676,6,1518,16384,0.00010800361633300781,0
1697403981.346915,51.104.136.2,192.168.10.32,443,26676,6,896,16384,1.3113021850585938e-05,0
1697403981.34719,192.168.10.32,51.104.136.2,26676,443,6,64,1029,0.00027489662170410156,1
1697403981.352175,192.168.10.32,51.104.136.2,26676,443,6,216,1029,0.00498509407043457,1
1697403981.385148,51.104.136.2,192.168.10.32,443,26676,6,109,16383,0.03297305107116699,0
1697403981.385158,51.104.136.2,192.168.10.32,443,26676,6,127,16383,1.0013580322265625e-05,0
1697403981.385486,192.168.10.32,51.104.136.2,26676,443,6,64,1028,0.00032782554626464844,1
1697403981.386673,192.168.10.32,51.104.136.2,26676,443,6,145,1028,0.0011870861053466797,1
1697403981.38672,192.168.10.32,51.104.136.2,26676,443,6,1077,1028,4.696846008300781e-05,1
1697403981.386761,192.168.10.32,51.104.136.2,26676,443,6,96,1028,4.100799560546875e-05,1
1697403981.41834,51.104.136.2,192.168.10.32,443,26676,6,96,16383,0.031579017639160156,0
,,,,,,,,,
1697404164.811272,192.168.10.32,52.184.214.53,26677,443,6,70,64240,0.0,1
1697404164.913192,52.184.214.53,192.168.10.32,443,26677,6,70,65535,0.10192012786865234,0
1697404164.913507,192.168.10.32,52.184.214.53,26677,443,6,64,1029,0.00031495094299316406,1
1697404164.914181,192.168.10.32,52.184.214.53,26677,443,6,280,1029,0.0006740093231201172,1
1697404165.017301,52.184.214.53,192.168.10.32,443,26677,6,1518,2052,0.10312008857727051,0
1697404165.017313,52.184.214.53,192.168.10.32,443,26677,6,1031,2052,1.1920928955078125e-05,0
1697404165.017837,192.168.10.32,52.184.214.53,26677,443,6,64,1029,0.0005240440368652344,1
1697404165.024213,192.168.10.32,52.184.214.53,26677,443,6,216,1029,0.006376028060913086,1
1697404165.127243,52.184.214.53,192.168.10.32,443,26677,6,109,2051,0.10302996635437012,0
1697404165.12726,52.184.214.53,192.168.10.32,443,26677,6,127,2051,1.6927719116210938e-05,0
1697404165.127569,192.168.10.32,52.184.214.53,26677,443,6,64,1028,0.000308990478515625,1
1697404165.128416,192.168.10.32,52.184.214.53,26677,443,6,145,1028,0.0008471012115478516,1
1697404165.128474,192.168.10.32,52.184.214.53,26677,443,6,210,1028,5.793571472167969e-05,1
1697404165.128515,192.168.10.32,52.184.214.53,26677,443,6,96,1028,4.100799560546875e-05,1
1697404165.128528,192.168.10.32,52.184.214.53,26677,443,6,709,1028,1.3113021850585938e-05,1
1697404165.229694,52.184.214.53,192.168.10.32,443,26677,6,64,2050,0.101165771484375,0
,,,,,,,,,
1697404184.150269,192.168.10.32,40.70.229.150,26678,443,6,70,64240,0.0,1
1697404184.25294,40.70.229.150,192.168.10.32,443,26678,6,70,65535,0.10267090797424316,0
1697404184.253333,192.168.10.32,40.70.229.150,26678,443,6,64,1029,0.00039315223693847656,1
1697404184.253885,192.168.10.32,40.70.229.150,26678,443,6,280,1029,0.0005519390106201172,1
1697404184.356561,40.70.229.150,192.168.10.32,443,26678,6,1518,2052,0.1026759147644043,0
1697404184.356574,40.70.229.150,192.168.10.32,443,26678,6,1030,2052,1.3113021850585938e-05,0
1697404184.357039,192.168.10.32,40.70.229.150,26678,443,6,64,1029,0.0004649162292480469,1
1697404184.36268,192.168.10.32,40.70.229.150,26678,443,6,216,1029,0.005640983581542969,1
1697404184.464539,40.70.229.150,192.168.10.32,443,26678,6,109,2051,0.10185909271240234,0
1697404184.464553,40.70.229.150,192.168.10.32,443,26678,6,127,2051,1.4066696166992188e-05,0
1697404184.464999,192.168.10.32,40.70.229.150,26678,443,6,64,1028,0.0004458427429199219,1
1697404184.466134,192.168.10.32,40.70.229.150,26678,443,6,145,1028,0.001135110855102539,1
1697404184.466144,192.168.10.32,40.70.229.150,26678,443,6,96,1028,1.0013580322265625e-05,1
1697404184.466221,192.168.10.32,40.70.229.150,26678,443,6,208,1028,7.700920104980469e-05,1
1697404184.466272,192.168.10.32,40.70.229.150,26678,443,6,709,1028,5.1021575927734375e-05,1
1697404184.566888,40.70.229.150,192.168.10.32,443,26678,6,64,2050,0.1006159782409668,0
,,,,,,,,,
1697404210.813597,192.168.10.32,52.184.213.187,26679,443,6,70,64240,0.0,1
1697404210.915622,52.184.213.187,192.168.10.32,443,26679,6,70,65535,0.10202503204345703,0
1697404210.916047,192.168.10.32,52.184.213.187,26679,443,6,64,1029,0.00042510032653808594,1
1697404210.916742,192.168.10.32,52.184.213.187,26679,443,6,280,1029,0.0006949901580810547,1
1697404211.019106,52.184.213.187,192.168.10.32,443,26679,6,1518,2052,0.10236382484436035,0
1697404211.019118,52.184.213.187,192.168.10.32,443,26679,6,1030,2052,1.2159347534179688e-05,0
1697404211.019575,192.168.10.32,52.184.213.187,26679,443,6,64,1029,0.0004570484161376953,1
1697404211.024723,192.168.10.32,52.184.213.187,26679,443,6,216,1029,0.0051479339599609375,1
1697404211.126599,52.184.213.187,192.168.10.32,443,26679,6,109,2051,0.10187602043151855,0
1697404211.126614,52.184.213.187,192.168.10.32,443,26679,6,127,2051,1.5020370483398438e-05,0
1697404211.126973,192.168.10.32,52.184.213.187,26679,443,6,64,1028,0.00035881996154785156,1
1697404211.128088,192.168.10.32,52.184.213.187,26679,443,6,145,1028,0.0011150836944580078,1
1697404211.128102,192.168.10.32,52.184.213.187,26679,443,6,96,1028,1.4066696166992188e-05,1
1697404211.128146,192.168.10.32,52.184.213.187,26679,443,6,208,1028,4.38690185546875e-05,1
1697404211.128189,192.168.10.32,52.184.213.187,26679,443,6,712,1028,4.315376281738281e-05,1
1697404211.228599,52.184.213.187,192.168.10.32,443,26679,6,64,2050,0.10040998458862305,0
,,,,,,,,,
1697404217.444929,192.168.10.32,52.179.216.235,26680,443,6,70,64240,0.0,1
1697404217.546878,52.179.216.235,192.168.10.32,443,26680,6,70,65535,0.10194921493530273,0
1697404217.547276,192.168.10.32,52.179.216.235,26680,443,6,64,1029,0.0003979206085205078,1
1697404217.547923,192.168.10.32,52.179.216.235,26680,443,6,280,1029,0.0006470680236816406,1
1697404217.650204,52.179.216.235,192.168.10.32,443,26680,6,1518,2052,0.10228085517883301,0
1697404217.650217,52.179.216.235,192.168.10.32,443,26680,6,1029,2052,1.3113021850585938e-05,0
1697404217.650873,192.168.10.32,52.179.216.235,26680,443,6,64,1029,0.0006558895111083984,1
1697404217.657859,192.168.10.32,52.179.216.235,26680,443,6,216,1029,0.006986141204833984,1
1697404217.759644,52.179.216.235,192.168.10.32,443,26680,6,109,2051,0.10178494453430176,0
1697404217.759654,52.179.216.235,192.168.10.32,443,26680,6,127,2051,1.0013580322265625e-05,0
1697404217.760098,192.168.10.32,52.179.216.235,26680,443,6,64,1028,0.0004439353942871094,1
1697404217.761235,192.168.10.32,52.179.216.235,26680,443,6,145,1028,0.0011370182037353516,1
1697404217.76125,192.168.10.32,52.179.216.235,26680,443,6,96,1028,1.5020370483398438e-05,1
1697404217.761293,192.168.10.32,52.179.216.235,26680,443,6,208,1028,4.291534423828125e-05,1
1697404217.761336,192.168.10.32,52.179.216.235,26680,443,6,709,1028,4.315376281738281e-05,1
1697404217.863026,52.179.216.235,192.168.10.32,443,26680,6,64,2048,0.10168981552124023,0
,,,,,,,,,
1697404381.713327,192.168.10.23,142.251.36.74,60212,443,6,78,64240,0.0,1
1697404381.733789,142.251.36.74,192.168.10.23,443,60212,6,78,65535,0.0204620361328125,0
1697404381.733973,192.168.10.23,142.251.36.74,60212,443,6,70,502,0.00018405914306640625,1
1697404381.735014,192.168.10.23,142.251.36.74,60212,443,6,730,502,0.0010409355163574219,1
1697404381.735101,192.168.10.23,142.251.36.74,60212,443,6,76,502,8.702278137207031e-05,1
1697404381.735236,192.168.10.23,142.251.36.74,60212,443,6,600,502,0.00013494491577148438,1
1697404381.752997,142.251.36.74,192.168.10.23,443,60212,6,70,262,0.0177609920501709,0
1697404381.753008,142.251.36.74,192.168.10.23,443,60212,6,70,262,1.0967254638671875e-05,0
1697404381.75314,142.251.36.74,192.168.10.23,443,60212,6,70,267,0.00013208389282226562,0
1697404381.768152,142.251.36.74,192.168.10.23,443,60212,6,838,267,0.015012025833129883,0
1697404381.768158,142.251.36.74,192.168.10.23,443,60212,6,132,267,5.9604644775390625e-06,0
1697404381.768182,142.251.36.74,192.168.10.23,443,60212,6,101,267,2.4080276489257812e-05,0
1697404381.768266,192.168.10.23,142.251.36.74,60212,443,6,70,501,8.392333984375e-05,1
1697404381.768267,192.168.10.23,142.251.36.74,60212,443,6,70,501,9.5367431640625e-07,1
1697404381.768268,192.168.10.23,142.251.36.74,60212,443,6,70,501,1.1920928955078125e-06,1
1697404381.768325,142.251.36.74,192.168.10.23,443,60212,6,309,267,5.698204040527344e-05,0
,,,,,,,,,
1697404529.476974,192.168.10.32,52.184.216.246,26681,443,6,70,64240,0.0,1
1697404529.578952,52.184.216.246,192.168.10.32,443,26681,6,70,65535,0.10197806358337402,0
1697404529.579311,192.168.10.32,52.184.216.246,26681,443,6,64,1029,0.00035881996154785156,1
1697404529.579904,192.168.10.32,52.184.216.246,26681,443,6,280,1029,0.0005931854248046875,1
1697404529.682023,52.184.216.246,192.168.10.32,443,26681,6,1518,2052,0.10211896896362305,0
1697404529.682035,52.184.216.246,192.168.10.32,443,26681,6,1029,2052,1.1920928955078125e-05,0
1697404529.682521,192.168.10.32,52.184.216.246,26681,443,6,64,1029,0.00048613548278808594,1
1697404529.688709,192.168.10.32,52.184.216.246,26681,443,6,216,1029,0.006187915802001953,1
1697404529.790786,52.184.216.246,192.168.10.32,443,26681,6,109,2051,0.10207700729370117,0
1697404529.790811,52.184.216.246,192.168.10.32,443,26681,6,127,2051,2.5033950805664062e-05,0
1697404529.791176,192.168.10.32,52.184.216.246,26681,443,6,64,1028,0.0003650188446044922,1
1697404529.792674,192.168.10.32,52.184.216.246,26681,443,6,145,1028,0.0014979839324951172,1
1697404529.792713,192.168.10.32,52.184.216.246,26681,443,6,96,1028,3.886222839355469e-05,1
1697404529.792758,192.168.10.32,52.184.216.246,26681,443,6,208,1028,4.506111145019531e-05,1
1697404529.792844,192.168.10.32,52.184.216.246,26681,443,6,709,1028,8.606910705566406e-05,1
1697404529.893039,52.184.216.246,192.168.10.32,443,26681,6,64,2051,0.10019493103027344,0
,,,,,,,,,
1697404529.486253,192.168.10.32,52.184.214.53,26682,443,6,70,64240,0.0,1
1697404529.60879,52.184.214.53,192.168.10.32,443,26682,6,70,65535,0.12253689765930176,0
1697404529.60917,192.168.10.32,52.184.214.53,26682,443,6,64,1029,0.0003800392150878906,1
1697404529.610057,192.168.10.32,52.184.214.53,26682,443,6,280,1029,0.0008871555328369141,1
1697404529.712466,52.184.214.53,192.168.10.32,443,26682,6,1518,2052,0.10240888595581055,0
1697404529.712479,52.184.214.53,192.168.10.32,443,26682,6,1030,2052,1.3113021850585938e-05,0
1697404529.712763,192.168.10.32,52.184.214.53,26682,443,6,64,1029,0.00028395652770996094,1
1697404529.715337,192.168.10.32,52.184.214.53,26682,443,6,216,1029,0.0025739669799804688,1
1697404529.816994,52.184.214.53,192.168.10.32,443,26682,6,109,2051,0.10165691375732422,0
1697404529.817008,52.184.214.53,192.168.10.32,443,26682,6,127,2051,1.4066696166992188e-05,0
1697404529.817383,192.168.10.32,52.184.214.53,26682,443,6,64,1028,0.0003750324249267578,1
1697404529.820077,192.168.10.32,52.184.214.53,26682,443,6,145,1028,0.0026938915252685547,1
1697404529.820244,192.168.10.32,52.184.214.53,26682,443,6,209,1028,0.0001671314239501953,1
1697404529.820453,192.168.10.32,52.184.214.53,26682,443,6,96,1028,0.00020885467529296875,1
1697404529.820594,192.168.10.32,52.184.214.53,26682,443,6,710,1028,0.000141143798828125,1
1697404529.931647,52.184.214.53,192.168.10.32,443,26682,6,64,2050,0.1110529899597168,0
,,,,,,,,,
1697405022.758998,192.168.10.135,3.127.6.122,48844,443,6,78,29200,0.0,1
1697405022.775021,3.127.6.122,192.168.10.135,443,48844,6,78,26847,0.01602315902709961,0
1697405022.775287,192.168.10.135,3.127.6.122,48844,443,6,70,229,0.0002658367156982422,1
1697405022.784352,192.168.10.135,3.127.6.122,48844,443,6,342,229,0.00906515121459961,1
1697405022.799274,3.127.6.122,192.168.10.135,443,48844,6,70,7,0.014921903610229492,0
1697405022.800509,3.127.6.122,192.168.10.135,443,48844,6,197,7,0.0012350082397460938,0
1697405022.800534,3.127.6.122,192.168.10.135,443,48844,6,76,7,2.5033950805664062e-05,0
1697405022.800667,3.127.6.122,192.168.10.135,443,48844,6,102,7,0.00013303756713867188,0
1697405022.800795,192.168.10.135,3.127.6.122,48844,443,6,70,229,0.00012803077697753906,1
1697405022.800796,192.168.10.135,3.127.6.122,48844,443,6,70,229,9.5367431640625e-07,1
1697405022.800834,3.127.6.122,192.168.10.135,443,48844,6,1518,7,3.790855407714844e-05,0
1697405022.800905,192.168.10.135,3.127.6.122,48844,443,6,70,229,7.104873657226562e-05,1
1697405022.800952,3.127.6.122,192.168.10.135,443,48844,6,1518,7,4.696846008300781e-05,0
1697405022.801067,192.168.10.135,3.127.6.122,48844,443,6,70,251,0.00011515617370605469,1
1697405022.80107,3.127.6.122,192.168.10.135,443,48844,6,356,7,2.86102294921875e-06,0
1697405022.801093,3.127.6.122,192.168.10.135,443,48844,6,128,7,2.3126602172851562e-05,0
,,,,,,,,,
