src_ip,dst_ip,src_port,dst_port,protocol,packet_size0,packet_size1,packet_size2,packet_size3,packet_size4,packet_size5,packet_size6,packet_size7
192.168.0.128,192.168.0.1,55764.0,53.0,17.0,81.0,81.0,81.0,81.0,81.0,81.0,81.0,81.0
192.168.0.128,192.168.0.1,40869.0,53.0,17.0,81.0,81.0,81.0,81.0,81.0,81.0,81.0,81.0
192.168.0.128,192.168.0.1,32770.0,53.0,17.0,81.0,81.0,81.0,81.0,81.0,81.0,81.0,81.0
192.168.0.128,192.168.0.1,33200.0,53.0,17.0,81.0,81.0,81.0,81.0,81.0,81.0,81.0,81.0
192.168.0.128,192.168.0.1,47769.0,53.0,17.0,81.0,81.0,81.0,81.0,81.0,81.0,81.0,81.0
192.168.0.128,192.168.0.1,44214.0,53.0,17.0,81.0,81.0,81.0,81.0,81.0,81.0,81.0,81.0
192.168.0.128,192.168.0.1,55644.0,53.0,17.0,81.0,81.0,81.0,81.0,81.0,81.0,81.0,81.0
192.168.0.128,192.168.0.1,58191.0,53.0,17.0,81.0,81.0,81.0,81.0,81.0,81.0,81.0,81.0
192.168.0.128,192.168.0.1,58980.0,53.0,17.0,81.0,81.0,81.0,81.0,81.0,81.0,81.0,81.0
192.168.0.128,192.168.0.1,32854.0,53.0,17.0,81.0,81.0,81.0,81.0,81.0,81.0,81.0,81.0
192.168.0.101,192.168.0.128,53981.0,502.0,6.0,66.0,66.0,69.0,54.0,54.0,54.0,54.0,54.0
192.168.0.101,192.168.0.128,53982.0,502.0,6.0,66.0,66.0,69.0,54.0,54.0,54.0,54.0,54.0
192.168.0.101,192.168.0.128,53983.0,502.0,6.0,66.0,66.0,69.0,54.0,54.0,54.0,54.0,54.0
192.168.0.101,192.168.0.128,53984.0,502.0,6.0,66.0,66.0,69.0,54.0,54.0,54.0,54.0,54.0
192.168.0.128,192.168.0.1,34251.0,53.0,17.0,81.0,81.0,81.0,81.0,81.0,81.0,81.0,81.0
192.168.0.128,192.168.0.1,55215.0,53.0,17.0,81.0,81.0,81.0,81.0,81.0,81.0,81.0,81.0
192.168.0.128,192.168.0.1,60505.0,53.0,17.0,81.0,81.0,81.0,81.0,81.0,81.0,81.0,81.0
192.168.0.128,192.168.0.1,45377.0,53.0,17.0,81.0,81.0,81.0,81.0,81.0,81.0,81.0,81.0
192.168.0.128,192.168.0.1,57963.0,53.0,17.0,81.0,81.0,81.0,81.0,81.0,81.0,81.0,81.0
192.168.0.128,192.168.0.1,56859.0,53.0,17.0,81.0,81.0,81.0,81.0,81.0,81.0,81.0,81.0
192.168.0.128,192.168.0.1,38962.0,53.0,17.0,81.0,81.0,81.0,81.0,81.0,81.0,81.0,81.0
192.168.0.128,192.168.0.1,52516.0,53.0,17.0,81.0,81.0,81.0,81.0,81.0,81.0,81.0,81.0
192.168.0.128,192.168.0.1,45343.0,53.0,17.0,81.0,81.0,81.0,81.0,81.0,81.0,81.0,81.0
192.168.0.128,192.168.0.1,49564.0,53.0,17.0,81.0,81.0,81.0,81.0,81.0,81.0,81.0,81.0
192.168.0.101,192.168.0.128,53985.0,502.0,6.0,66.0,66.0,69.0,54.0,54.0,54.0,54.0,54.0
192.168.0.101,192.168.0.128,53986.0,502.0,6.0,66.0,66.0,66.0,54.0,54.0,54.0,54.0,54.0
192.168.0.101,192.168.0.128,53987.0,502.0,6.0,66.0,66.0,69.0,54.0,54.0,54.0,54.0,54.0
192.168.0.101,192.168.0.128,53988.0,502.0,6.0,66.0,66.0,66.0,54.0,54.0,54.0,54.0,54.0
192.168.0.128,192.168.0.1,48780.0,53.0,17.0,81.0,81.0,81.0,81.0,81.0,81.0,81.0,81.0
192.168.0.128,192.168.0.1,34638.0,53.0,17.0,81.0,81.0,81.0,81.0,81.0,81.0,81.0,81.0
192.168.0.128,192.168.0.1,34284.0,53.0,17.0,81.0,81.0,81.0,81.0,81.0,81.0,81.0,81.0
192.168.0.128,192.168.0.1,51458.0,53.0,17.0,81.0,81.0,81.0,81.0,81.0,81.0,81.0,81.0
192.168.0.128,192.168.0.1,40599.0,53.0,17.0,81.0,81.0,81.0,81.0,81.0,81.0,81.0,81.0
192.168.0.128,192.168.0.1,50924.0,53.0,17.0,81.0,81.0,81.0,81.0,81.0,81.0,81.0,81.0
192.168.0.128,192.168.0.1,50473.0,53.0,17.0,81.0,81.0,81.0,81.0,81.0,81.0,81.0,81.0
192.168.0.128,192.168.0.1,36037.0,53.0,17.0,81.0,81.0,81.0,81.0,81.0,81.0,81.0,81.0
192.168.0.128,192.168.0.1,46662.0,53.0,17.0,81.0,81.0,81.0,81.0,81.0,81.0,81.0,81.0
192.168.0.128,192.168.0.1,39160.0,53.0,17.0,81.0,81.0,81.0,81.0,81.0,81.0,81.0,81.0
192.168.0.101,192.168.0.128,53989.0,502.0,6.0,66.0,66.0,69.0,54.0,54.0,54.0,54.0,54.0
192.168.0.101,192.168.0.128,53990.0,502.0,6.0,66.0,66.0,66.0,54.0,54.0,54.0,54.0,54.0
192.168.0.101,192.168.0.128,53991.0,502.0,6.0,66.0,66.0,69.0,54.0,54.0,54.0,54.0,54.0
192.168.0.101,192.168.0.128,53992.0,502.0,6.0,66.0,66.0,66.0,54.0,54.0,54.0,54.0,54.0
192.168.0.128,192.168.0.1,36886.0,53.0,17.0,81.0,81.0,81.0,81.0,81.0,81.0,81.0,81.0
192.168.0.128,192.168.0.1,54341.0,53.0,17.0,81.0,81.0,81.0,81.0,81.0,81.0,81.0,81.0
192.168.0.128,192.168.0.1,50656.0,53.0,17.0,81.0,81.0,81.0,81.0,81.0,81.0,81.0,81.0
192.168.0.128,192.168.0.1,57988.0,53.0,17.0,81.0,81.0,81.0,81.0,81.0,81.0,81.0,81.0
192.168.0.128,192.168.0.1,57037.0,53.0,17.0,81.0,81.0,81.0,81.0,81.0,81.0,81.0,81.0
192.168.0.128,192.168.0.1,57937.0,53.0,17.0,81.0,81.0,81.0,81.0,81.0,81.0,81.0,81.0
192.168.0.128,192.168.0.1,60732.0,53.0,17.0,81.0,81.0,81.0,81.0,81.0,81.0,81.0,81.0
192.168.0.128,192.168.0.1,35557.0,53.0,17.0,81.0,81.0,81.0,81.0,81.0,81.0,81.0,81.0
192.168.0.128,192.168.0.1,49192.0,53.0,17.0,81.0,81.0,81.0,81.0,81.0,81.0,81.0,81.0
192.168.0.128,192.168.0.1,34907.0,53.0,17.0,81.0,81.0,81.0,81.0,81.0,81.0,81.0,81.0
192.168.0.101,192.168.0.128,53993.0,502.0,6.0,66.0,66.0,66.0,54.0,54.0,54.0,54.0,54.0
192.168.0.101,192.168.0.128,53994.0,502.0,6.0,66.0,66.0,69.0,54.0,54.0,54.0,54.0,54.0
192.168.0.101,192.168.0.128,53995.0,502.0,6.0,66.0,66.0,66.0,77.0,54.0,54.0,54.0,54.0
192.168.0.128,192.168.0.1,46682.0,53.0,17.0,81.0,81.0,81.0,81.0,81.0,81.0,81.0,81.0
192.168.0.128,192.168.0.1,34088.0,53.0,17.0,81.0,81.0,81.0,81.0,81.0,81.0,81.0,81.0
192.168.0.128,192.168.0.1,58422.0,53.0,17.0,81.0,81.0,81.0,81.0,81.0,81.0,81.0,81.0
192.168.0.128,192.168.0.1,55961.0,53.0,17.0,81.0,81.0,81.0,81.0,81.0,81.0,81.0,81.0
192.168.0.128,192.168.0.1,34248.0,53.0,17.0,81.0,81.0,81.0,81.0,81.0,81.0,81.0,81.0
192.168.0.128,192.168.0.1,47084.0,53.0,17.0,81.0,81.0,81.0,81.0,81.0,81.0,81.0,81.0
192.168.0.128,192.168.0.1,55139.0,53.0,17.0,81.0,81.0,81.0,81.0,81.0,81.0,81.0,81.0
192.168.0.128,192.168.0.1,53818.0,53.0,17.0,81.0,81.0,81.0,81.0,81.0,81.0,81.0,81.0
192.168.0.128,192.168.0.1,32804.0,53.0,17.0,81.0,81.0,81.0,81.0,81.0,81.0,81.0,81.0
192.168.0.128,192.168.0.1,48852.0,53.0,17.0,81.0,81.0,81.0,81.0,81.0,81.0,81.0,81.0
192.168.0.101,192.168.0.128,53996.0,502.0,6.0,66.0,66.0,79.0,54.0,54.0,54.0,54.0,54.0
192.168.0.101,192.168.0.128,53997.0,502.0,6.0,66.0,66.0,81.0,54.0,54.0,54.0,54.0,54.0
192.168.0.128,192.168.0.1,34846.0,53.0,17.0,81.0,81.0,81.0,81.0,81.0,81.0,81.0,81.0
192.168.0.128,192.168.0.1,35437.0,53.0,17.0,81.0,81.0,81.0,81.0,81.0,81.0,81.0,81.0
192.168.0.128,192.168.0.1,46060.0,53.0,17.0,81.0,81.0,81.0,81.0,81.0,81.0,81.0,81.0
192.168.0.128,192.168.0.1,60250.0,53.0,17.0,81.0,81.0,81.0,81.0,81.0,81.0,81.0,81.0
192.168.0.128,192.168.0.1,51029.0,53.0,17.0,81.0,81.0,81.0,81.0,81.0,81.0,81.0,81.0
192.168.0.128,192.168.0.1,60370.0,53.0,17.0,81.0,81.0,81.0,81.0,81.0,81.0,81.0,81.0
192.168.0.128,192.168.0.1,50037.0,53.0,17.0,81.0,81.0,81.0,81.0,81.0,81.0,81.0,81.0
192.168.0.128,192.168.0.1,50943.0,53.0,17.0,81.0,81.0,81.0,81.0,81.0,81.0,81.0,81.0
192.168.0.128,192.168.0.1,46239.0,53.0,17.0,81.0,81.0,81.0,81.0,81.0,81.0,81.0,81.0
192.168.0.128,192.168.0.1,53635.0,53.0,17.0,81.0,81.0,81.0,81.0,81.0,81.0,81.0,81.0
192.168.0.101,192.168.0.128,53998.0,502.0,6.0,66.0,66.0,81.0,54.0,54.0,54.0,54.0,54.0
192.168.0.128,192.168.0.1,42441.0,53.0,17.0,81.0,81.0,81.0,81.0,81.0,81.0,81.0,81.0
192.168.0.128,192.168.0.1,52099.0,53.0,17.0,81.0,81.0,81.0,81.0,81.0,81.0,81.0,81.0
192.168.0.128,192.168.0.1,33886.0,53.0,17.0,81.0,81.0,81.0,81.0,81.0,81.0,81.0,81.0
192.168.0.128,192.168.0.1,45742.0,53.0,17.0,81.0,81.0,81.0,81.0,81.0,81.0,81.0,81.0
192.168.0.128,192.168.0.1,50738.0,53.0,17.0,81.0,81.0,81.0,81.0,81.0,81.0,81.0,81.0
192.168.0.128,192.168.0.1,54000.0,53.0,17.0,81.0,81.0,81.0,81.0,81.0,81.0,81.0,81.0
192.168.0.128,192.168.0.1,57693.0,53.0,17.0,81.0,81.0,81.0,81.0,81.0,81.0,81.0,81.0
192.168.0.128,192.168.0.1,49425.0,53.0,17.0,81.0,81.0,81.0,81.0,81.0,81.0,81.0,81.0
192.168.0.128,192.168.0.1,50727.0,53.0,17.0,81.0,81.0,81.0,81.0,81.0,81.0,81.0,81.0
192.168.0.128,192.168.0.1,56526.0,53.0,17.0,81.0,81.0,81.0,81.0,81.0,81.0,81.0,81.0
192.168.0.101,192.168.0.128,53999.0,502.0,6.0,66.0,66.0,66.0,54.0,54.0,54.0,54.0,54.0
192.168.0.101,192.168.0.128,54000.0,502.0,6.0,66.0,66.0,66.0,66.0,66.0,81.0,54.0,54.0
192.168.0.101,192.168.0.128,54001.0,502.0,6.0,66.0,66.0,66.0,54.0,54.0,54.0,54.0,54.0
192.168.0.101,192.168.0.128,54002.0,502.0,6.0,66.0,66.0,81.0,54.0,54.0,54.0,54.0,54.0
192.168.0.128,192.168.0.1,54644.0,53.0,17.0,81.0,81.0,81.0,81.0,81.0,81.0,81.0,81.0
192.168.0.128,192.168.0.1,55143.0,53.0,17.0,81.0,81.0,81.0,81.0,81.0,81.0,81.0,81.0
192.168.0.128,192.168.0.1,56829.0,53.0,17.0,81.0,81.0,81.0,81.0,81.0,81.0,81.0,81.0
192.168.0.128,192.168.0.1,57533.0,53.0,17.0,81.0,81.0,81.0,81.0,81.0,81.0,81.0,81.0
192.168.0.128,192.168.0.1,36295.0,53.0,17.0,81.0,81.0,81.0,81.0,81.0,81.0,81.0,81.0
192.168.0.128,192.168.0.1,40639.0,53.0,17.0,81.0,81.0,81.0,81.0,81.0,81.0,81.0,81.0
192.168.0.128,192.168.0.1,56887.0,53.0,17.0,81.0,81.0,81.0,81.0,81.0,81.0,81.0,81.0
192.168.0.128,192.168.0.1,46795.0,53.0,17.0,81.0,81.0,81.0,81.0,81.0,81.0,81.0,81.0
192.168.0.128,192.168.0.1,60937.0,53.0,17.0,81.0,81.0,81.0,81.0,81.0,81.0,81.0,81.0
192.168.0.128,192.168.0.1,52422.0,53.0,17.0,81.0,81.0,81.0,81.0,81.0,81.0,81.0,81.0
192.168.0.101,192.168.0.128,54027.0,502.0,6.0,66.0,66.0,66.0,54.0,54.0,54.0,54.0,54.0
192.168.0.101,192.168.0.128,54028.0,502.0,6.0,66.0,66.0,81.0,54.0,54.0,54.0,54.0,54.0
192.168.0.101,192.168.0.128,54029.0,502.0,6.0,66.0,66.0,81.0,54.0,54.0,54.0,54.0,54.0
192.168.0.101,192.168.0.128,54030.0,502.0,6.0,66.0,66.0,66.0,54.0,54.0,54.0,54.0,54.0
192.168.0.128,192.168.0.1,33362.0,53.0,17.0,81.0,81.0,81.0,81.0,81.0,81.0,81.0,81.0
192.168.0.128,192.168.0.1,59178.0,53.0,17.0,81.0,81.0,81.0,81.0,81.0,81.0,81.0,81.0
192.168.0.128,192.168.0.1,41551.0,53.0,17.0,81.0,81.0,81.0,81.0,81.0,81.0,81.0,81.0
192.168.0.128,192.168.0.1,40051.0,53.0,17.0,81.0,81.0,81.0,81.0,81.0,81.0,81.0,81.0
192.168.0.128,192.168.0.1,33179.0,53.0,17.0,81.0,81.0,81.0,81.0,81.0,81.0,81.0,81.0
192.168.0.128,192.168.0.1,60539.0,53.0,17.0,81.0,81.0,81.0,81.0,81.0,81.0,81.0,81.0
192.168.0.128,192.168.0.1,56698.0,53.0,17.0,81.0,81.0,81.0,81.0,81.0,81.0,81.0,81.0
192.168.0.128,192.168.0.1,36826.0,53.0,17.0,81.0,81.0,81.0,81.0,81.0,81.0,81.0,81.0
192.168.0.128,192.168.0.1,40313.0,53.0,17.0,81.0,81.0,81.0,81.0,81.0,81.0,81.0,81.0
192.168.0.128,192.168.0.1,59108.0,53.0,17.0,81.0,81.0,81.0,81.0,81.0,81.0,81.0,81.0
192.168.0.101,192.168.0.128,54031.0,502.0,6.0,66.0,66.0,66.0,54.0,54.0,54.0,54.0,54.0
192.168.0.101,192.168.0.128,54032.0,502.0,6.0,66.0,66.0,66.0,54.0,54.0,54.0,54.0,54.0
192.168.0.101,192.168.0.128,54033.0,502.0,6.0,66.0,66.0,66.0,54.0,54.0,54.0,54.0,54.0
192.168.0.101,192.168.0.128,54034.0,502.0,6.0,66.0,66.0,79.0,54.0,54.0,54.0,54.0,54.0
192.168.0.101,192.168.0.128,54035.0,502.0,6.0,66.0,66.0,65.0,54.0,54.0,54.0,54.0,54.0
192.168.0.128,192.168.0.1,54200.0,53.0,17.0,81.0,81.0,81.0,81.0,81.0,81.0,81.0,81.0
192.168.0.128,192.168.0.1,46726.0,53.0,17.0,81.0,81.0,81.0,81.0,81.0,81.0,81.0,81.0
192.168.0.128,192.168.0.1,50413.0,53.0,17.0,81.0,81.0,81.0,81.0,81.0,81.0,81.0,81.0
192.168.0.128,192.168.0.1,55568.0,53.0,17.0,81.0,81.0,81.0,81.0,81.0,81.0,81.0,81.0
192.168.0.128,192.168.0.1,42189.0,53.0,17.0,81.0,81.0,81.0,81.0,81.0,81.0,81.0,81.0
192.168.0.128,192.168.0.1,59596.0,53.0,17.0,81.0,81.0,81.0,81.0,81.0,81.0,81.0,81.0
192.168.0.128,192.168.0.1,56581.0,53.0,17.0,81.0,81.0,81.0,81.0,81.0,81.0,81.0,81.0
192.168.0.128,192.168.0.1,40715.0,53.0,17.0,81.0,81.0,81.0,81.0,81.0,81.0,81.0,81.0
192.168.0.128,192.168.0.1,38300.0,53.0,17.0,81.0,81.0,81.0,81.0,81.0,81.0,81.0,81.0
192.168.0.128,192.168.0.1,49540.0,53.0,17.0,81.0,81.0,81.0,81.0,81.0,81.0,81.0,81.0
192.168.0.101,192.168.0.128,54036.0,502.0,6.0,66.0,66.0,81.0,54.0,54.0,54.0,54.0,54.0
192.168.0.128,192.168.0.1,55958.0,53.0,17.0,81.0,81.0,81.0,81.0,81.0,81.0,81.0,81.0
192.168.0.128,192.168.0.1,51712.0,53.0,17.0,81.0,81.0,81.0,81.0,81.0,81.0,81.0,81.0
192.168.0.128,192.168.0.1,42382.0,53.0,17.0,81.0,81.0,81.0,81.0,81.0,81.0,81.0,81.0
192.168.0.128,192.168.0.1,43789.0,53.0,17.0,81.0,81.0,81.0,81.0,81.0,81.0,81.0,81.0
192.168.0.128,192.168.0.1,57652.0,53.0,17.0,81.0,81.0,81.0,81.0,81.0,81.0,81.0,81.0
192.168.0.128,192.168.0.1,55038.0,53.0,17.0,81.0,81.0,81.0,81.0,81.0,81.0,81.0,81.0
192.168.0.128,192.168.0.1,37362.0,53.0,17.0,81.0,81.0,81.0,81.0,81.0,81.0,81.0,81.0
192.168.0.128,192.168.0.1,39210.0,53.0,17.0,81.0,81.0,81.0,81.0,81.0,81.0,81.0,81.0
192.168.0.128,192.168.0.1,59707.0,53.0,17.0,81.0,81.0,81.0,81.0,81.0,81.0,81.0,81.0
192.168.0.128,192.168.0.1,45584.0,53.0,17.0,81.0,81.0,81.0,81.0,81.0,81.0,81.0,81.0
192.168.0.101,192.168.0.128,54037.0,502.0,6.0,66.0,66.0,66.0,81.0,54.0,54.0,54.0,54.0
192.168.0.101,192.168.0.128,54038.0,502.0,6.0,66.0,66.0,81.0,54.0,54.0,54.0,54.0,54.0
192.168.0.128,192.168.0.1,56690.0,53.0,17.0,81.0,81.0,81.0,81.0,81.0,81.0,81.0,81.0
192.168.0.128,192.168.0.1,48365.0,53.0,17.0,81.0,81.0,81.0,81.0,81.0,81.0,81.0,81.0
192.168.0.128,192.168.0.1,58843.0,53.0,17.0,81.0,81.0,81.0,81.0,81.0,81.0,81.0,81.0
192.168.0.128,192.168.0.1,54161.0,53.0,17.0,81.0,81.0,81.0,81.0,81.0,81.0,81.0,81.0
192.168.0.128,192.168.0.1,38727.0,53.0,17.0,81.0,81.0,81.0,81.0,81.0,81.0,81.0,81.0
192.168.0.128,192.168.0.1,57444.0,53.0,17.0,81.0,81.0,81.0,81.0,81.0,81.0,81.0,81.0
192.168.0.128,192.168.0.1,60006.0,53.0,17.0,81.0,81.0,81.0,81.0,81.0,81.0,81.0,81.0
192.168.0.128,192.168.0.1,41876.0,53.0,17.0,81.0,81.0,81.0,81.0,81.0,81.0,81.0,81.0
192.168.0.128,192.168.0.1,52059.0,53.0,17.0,81.0,81.0,81.0,81.0,81.0,81.0,81.0,81.0
192.168.0.128,192.168.0.1,45624.0,53.0,17.0,81.0,81.0,81.0,81.0,81.0,81.0,81.0,81.0
192.168.0.101,192.168.0.128,54039.0,502.0,6.0,66.0,66.0,81.0,54.0,54.0,54.0,54.0,54.0
192.168.0.101,192.168.0.128,54040.0,502.0,6.0,66.0,66.0,81.0,54.0,54.0,54.0,54.0,54.0
192.168.0.101,192.168.0.128,54041.0,502.0,6.0,66.0,66.0,81.0,54.0,54.0,54.0,54.0,54.0
192.168.0.101,192.168.0.128,54042.0,502.0,6.0,66.0,66.0,81.0,54.0,54.0,54.0,54.0,54.0
192.168.0.128,192.168.0.1,46083.0,53.0,17.0,81.0,81.0,81.0,81.0,81.0,81.0,81.0,81.0
192.168.0.128,192.168.0.1,33999.0,53.0,17.0,81.0,81.0,81.0,81.0,81.0,81.0,81.0,81.0
192.168.0.128,192.168.0.1,43902.0,53.0,17.0,81.0,81.0,81.0,81.0,81.0,81.0,81.0,81.0
192.168.0.128,192.168.0.1,59185.0,53.0,17.0,81.0,81.0,81.0,81.0,81.0,81.0,81.0,81.0
192.168.0.128,192.168.0.1,33574.0,53.0,17.0,81.0,81.0,81.0,81.0,81.0,81.0,81.0,81.0
192.168.0.128,192.168.0.1,47238.0,53.0,17.0,81.0,81.0,81.0,81.0,81.0,81.0,81.0,81.0
192.168.0.128,192.168.0.1,43737.0,53.0,17.0,81.0,81.0,81.0,81.0,81.0,81.0,81.0,81.0
192.168.0.128,192.168.0.1,56488.0,53.0,17.0,81.0,81.0,81.0,81.0,81.0,81.0,81.0,81.0
192.168.0.128,192.168.0.1,39447.0,53.0,17.0,81.0,81.0,81.0,81.0,81.0,81.0,81.0,81.0
192.168.0.128,192.168.0.1,44950.0,53.0,17.0,81.0,81.0,81.0,81.0,81.0,81.0,81.0,81.0
192.168.0.101,192.168.0.128,54043.0,502.0,6.0,66.0,66.0,81.0,54.0,54.0,54.0,54.0,54.0
192.168.0.101,192.168.0.128,54044.0,502.0,6.0,66.0,66.0,81.0,54.0,54.0,54.0,54.0,54.0
192.168.0.101,192.168.0.128,54045.0,502.0,6.0,66.0,66.0,66.0,54.0,54.0,54.0,54.0,54.0
192.168.0.101,192.168.0.128,54046.0,502.0,6.0,66.0,66.0,81.0,54.0,54.0,54.0,54.0,54.0
192.168.0.101,192.168.0.128,54047.0,502.0,6.0,66.0,66.0,81.0,54.0,54.0,54.0,54.0,54.0
192.168.0.101,192.168.0.128,54048.0,502.0,6.0,66.0,66.0,81.0,54.0,54.0,54.0,54.0,54.0
192.168.0.101,192.168.0.128,54049.0,502.0,6.0,66.0,66.0,81.0,54.0,54.0,54.0,54.0,54.0
192.168.0.101,192.168.0.128,54050.0,502.0,6.0,66.0,66.0,81.0,54.0,54.0,54.0,54.0,54.0
192.168.0.101,192.168.0.128,54051.0,502.0,6.0,66.0,66.0,81.0,54.0,54.0,54.0,54.0,54.0
192.168.0.101,192.168.0.128,54052.0,502.0,6.0,66.0,66.0,81.0,54.0,54.0,54.0,54.0,54.0
192.168.0.101,192.168.0.128,54053.0,502.0,6.0,66.0,66.0,81.0,54.0,54.0,54.0,54.0,54.0
192.168.0.101,192.168.0.128,54054.0,502.0,6.0,66.0,66.0,81.0,54.0,54.0,54.0,54.0,54.0
192.168.0.101,192.168.0.128,54055.0,502.0,6.0,66.0,66.0,81.0,54.0,54.0,54.0,54.0,54.0
192.168.0.101,192.168.0.128,54056.0,502.0,6.0,66.0,66.0,81.0,54.0,54.0,54.0,54.0,54.0
192.168.0.101,192.168.0.128,54057.0,502.0,6.0,66.0,66.0,81.0,54.0,54.0,54.0,54.0,54.0
192.168.0.101,192.168.0.128,54058.0,502.0,6.0,66.0,66.0,81.0,54.0,54.0,54.0,54.0,54.0
192.168.0.101,192.168.0.128,54059.0,502.0,6.0,66.0,66.0,81.0,54.0,54.0,54.0,54.0,54.0
192.168.0.101,192.168.0.128,54060.0,502.0,6.0,66.0,66.0,81.0,54.0,54.0,54.0,54.0,54.0
192.168.0.128,192.168.0.1,48904.0,53.0,17.0,81.0,81.0,81.0,81.0,81.0,81.0,81.0,81.0
192.168.0.128,192.168.0.1,41257.0,53.0,17.0,81.0,81.0,81.0,81.0,81.0,81.0,81.0,81.0
192.168.0.128,192.168.0.1,57175.0,53.0,17.0,81.0,81.0,81.0,81.0,81.0,81.0,81.0,81.0
192.168.0.128,192.168.0.1,56770.0,53.0,17.0,81.0,81.0,81.0,81.0,81.0,81.0,81.0,81.0
192.168.0.128,192.168.0.1,48939.0,53.0,17.0,81.0,81.0,81.0,81.0,81.0,81.0,81.0,81.0
192.168.0.128,192.168.0.1,40943.0,53.0,17.0,81.0,81.0,81.0,81.0,81.0,81.0,81.0,81.0
192.168.0.128,192.168.0.1,37302.0,53.0,17.0,81.0,81.0,81.0,81.0,81.0,81.0,81.0,81.0
192.168.0.128,192.168.0.1,58682.0,53.0,17.0,81.0,81.0,81.0,81.0,81.0,81.0,81.0,81.0
192.168.0.128,192.168.0.1,52213.0,53.0,17.0,81.0,81.0,81.0,81.0,81.0,81.0,81.0,81.0
192.168.0.128,192.168.0.1,53295.0,53.0,17.0,81.0,81.0,81.0,81.0,81.0,81.0,81.0,81.0
192.168.0.101,192.168.0.128,54061.0,502.0,6.0,66.0,66.0,81.0,54.0,54.0,54.0,54.0,54.0
192.168.0.101,192.168.0.128,54062.0,502.0,6.0,66.0,66.0,81.0,54.0,54.0,54.0,54.0,54.0
192.168.0.101,192.168.0.128,54063.0,502.0,6.0,66.0,66.0,81.0,54.0,54.0,54.0,54.0,54.0
192.168.0.101,192.168.0.128,54064.0,502.0,6.0,66.0,66.0,81.0,54.0,54.0,54.0,54.0,54.0
192.168.0.101,192.168.0.128,54065.0,502.0,6.0,66.0,66.0,81.0,54.0,54.0,54.0,54.0,54.0
192.168.0.101,192.168.0.128,54066.0,502.0,6.0,66.0,66.0,81.0,54.0,54.0,54.0,54.0,54.0
192.168.0.101,192.168.0.128,54067.0,502.0,6.0,66.0,66.0,81.0,54.0,54.0,54.0,54.0,54.0
192.168.0.101,192.168.0.128,54068.0,502.0,6.0,66.0,66.0,81.0,54.0,54.0,54.0,54.0,54.0
192.168.0.101,192.168.0.128,54069.0,502.0,6.0,66.0,66.0,81.0,54.0,54.0,54.0,54.0,54.0
192.168.0.101,192.168.0.128,54070.0,502.0,6.0,66.0,66.0,81.0,54.0,54.0,54.0,54.0,54.0
192.168.0.101,192.168.0.128,54071.0,502.0,6.0,66.0,66.0,66.0,81.0,54.0,54.0,54.0,54.0
192.168.0.101,192.168.0.128,54072.0,502.0,6.0,66.0,66.0,81.0,54.0,54.0,54.0,54.0,54.0
192.168.0.101,192.168.0.128,54073.0,502.0,6.0,66.0,66.0,66.0,66.0,66.0,66.0,81.0,54.0
192.168.0.101,192.168.0.128,54074.0,502.0,6.0,66.0,66.0,66.0,54.0,54.0,54.0,54.0,54.0
192.168.0.101,192.168.0.128,54075.0,502.0,6.0,66.0,66.0,66.0,54.0,54.0,54.0,54.0,54.0
192.168.0.101,192.168.0.128,54076.0,502.0,6.0,66.0,66.0,66.0,54.0,54.0,54.0,54.0,54.0
192.168.0.101,192.168.0.128,54077.0,502.0,6.0,66.0,66.0,66.0,54.0,54.0,54.0,54.0,54.0
192.168.0.101,192.168.0.128,54078.0,502.0,6.0,66.0,66.0,66.0,54.0,54.0,54.0,54.0,54.0
192.168.0.101,192.168.0.128,54079.0,502.0,6.0,66.0,66.0,66.0,54.0,54.0,54.0,54.0,54.0
192.168.0.101,192.168.0.128,54080.0,502.0,6.0,66.0,66.0,66.0,54.0,54.0,54.0,54.0,54.0
192.168.0.101,192.168.0.128,54081.0,502.0,6.0,66.0,66.0,66.0,66.0,66.0,66.0,54.0,54.0
192.168.0.128,192.168.0.1,45149.0,53.0,17.0,81.0,81.0,81.0,81.0,81.0,81.0,81.0,81.0
192.168.0.128,192.168.0.1,53126.0,53.0,17.0,81.0,81.0,81.0,81.0,81.0,81.0,81.0,81.0
192.168.0.128,192.168.0.1,38499.0,53.0,17.0,81.0,81.0,81.0,81.0,81.0,81.0,81.0,81.0
192.168.0.128,192.168.0.1,38728.0,53.0,17.0,81.0,81.0,81.0,81.0,81.0,81.0,81.0,81.0
192.168.0.128,192.168.0.1,37607.0,53.0,17.0,81.0,81.0,81.0,81.0,81.0,81.0,81.0,81.0
192.168.0.128,192.168.0.1,49961.0,53.0,17.0,81.0,81.0,81.0,81.0,81.0,81.0,81.0,81.0
192.168.0.128,192.168.0.1,41030.0,53.0,17.0,81.0,81.0,81.0,81.0,81.0,81.0,81.0,81.0
192.168.0.128,192.168.0.1,54551.0,53.0,17.0,81.0,81.0,81.0,81.0,81.0,81.0,81.0,81.0
192.168.0.128,192.168.0.1,49083.0,53.0,17.0,81.0,81.0,81.0,81.0,81.0,81.0,81.0,81.0
192.168.0.128,192.168.0.1,56388.0,53.0,17.0,81.0,81.0,81.0,81.0,81.0,81.0,81.0,81.0
192.168.0.101,192.168.0.128,54082.0,502.0,6.0,66.0,66.0,66.0,54.0,54.0,54.0,54.0,54.0
192.168.0.101,192.168.0.128,54083.0,502.0,6.0,66.0,66.0,66.0,54.0,54.0,54.0,54.0,54.0
192.168.0.101,192.168.0.128,54084.0,502.0,6.0,66.0,66.0,66.0,54.0,54.0,54.0,54.0,54.0
192.168.0.101,192.168.0.128,54085.0,502.0,6.0,66.0,66.0,66.0,54.0,54.0,54.0,54.0,54.0
192.168.0.101,192.168.0.128,54086.0,502.0,6.0,66.0,66.0,66.0,54.0,54.0,54.0,54.0,54.0
192.168.0.101,192.168.0.128,54087.0,502.0,6.0,66.0,66.0,66.0,54.0,54.0,54.0,54.0,54.0
192.168.0.101,192.168.0.128,54088.0,502.0,6.0,66.0,66.0,66.0,81.0,54.0,54.0,54.0,54.0
192.168.0.101,192.168.0.128,54089.0,502.0,6.0,66.0,66.0,81.0,54.0,54.0,54.0,54.0,54.0
192.168.0.101,192.168.0.128,54090.0,502.0,6.0,66.0,66.0,81.0,54.0,54.0,54.0,54.0,54.0
192.168.0.128,192.168.0.1,51208.0,53.0,17.0,81.0,81.0,81.0,81.0,81.0,81.0,81.0,81.0
192.168.0.128,192.168.0.1,35826.0,53.0,17.0,81.0,81.0,81.0,81.0,81.0,81.0,81.0,81.0
192.168.0.128,192.168.0.1,56219.0,53.0,17.0,81.0,81.0,81.0,81.0,81.0,81.0,81.0,81.0
192.168.0.128,192.168.0.1,51943.0,53.0,17.0,81.0,81.0,81.0,81.0,81.0,81.0,81.0,81.0
192.168.0.128,192.168.0.1,43681.0,53.0,17.0,81.0,81.0,81.0,81.0,81.0,81.0,81.0,81.0
192.168.0.128,192.168.0.1,58131.0,53.0,17.0,81.0,81.0,81.0,81.0,81.0,81.0,81.0,81.0
192.168.0.128,192.168.0.1,37503.0,53.0,17.0,81.0,81.0,81.0,81.0,81.0,81.0,81.0,81.0
192.168.0.128,192.168.0.1,53281.0,53.0,17.0,81.0,81.0,81.0,81.0,81.0,81.0,81.0,81.0
192.168.0.128,192.168.0.1,37022.0,53.0,17.0,81.0,81.0,81.0,81.0,81.0,81.0,81.0,81.0
192.168.0.128,192.168.0.1,41722.0,53.0,17.0,81.0,81.0,81.0,81.0,81.0,81.0,81.0,81.0
192.168.0.101,192.168.0.128,54091.0,502.0,6.0,66.0,66.0,81.0,54.0,54.0,54.0,54.0,54.0
192.168.0.101,192.168.0.128,54092.0,502.0,6.0,66.0,66.0,81.0,54.0,54.0,54.0,54.0,54.0
192.168.0.101,192.168.0.128,54093.0,502.0,6.0,66.0,66.0,81.0,54.0,54.0,54.0,54.0,54.0
192.168.0.101,192.168.0.128,54094.0,502.0,6.0,66.0,66.0,81.0,54.0,54.0,54.0,54.0,54.0
192.168.0.128,192.168.0.1,46854.0,53.0,17.0,81.0,81.0,81.0,81.0,81.0,81.0,81.0,81.0
192.168.0.128,192.168.0.1,60750.0,53.0,17.0,81.0,81.0,81.0,81.0,81.0,81.0,81.0,81.0
192.168.0.128,192.168.0.1,60358.0,53.0,17.0,81.0,81.0,81.0,81.0,81.0,81.0,81.0,81.0
192.168.0.128,192.168.0.1,41547.0,53.0,17.0,81.0,81.0,81.0,81.0,81.0,81.0,81.0,81.0
192.168.0.128,192.168.0.1,50023.0,53.0,17.0,81.0,81.0,81.0,81.0,81.0,81.0,81.0,81.0
192.168.0.128,192.168.0.1,37429.0,53.0,17.0,81.0,81.0,81.0,81.0,81.0,81.0,81.0,81.0
192.168.0.128,192.168.0.1,34931.0,53.0,17.0,81.0,81.0,81.0,81.0,81.0,81.0,81.0,81.0
192.168.0.128,192.168.0.1,36709.0,53.0,17.0,81.0,81.0,81.0,81.0,81.0,81.0,81.0,81.0
192.168.0.128,192.168.0.1,55346.0,53.0,17.0,81.0,81.0,81.0,81.0,81.0,81.0,81.0,81.0
192.168.0.128,192.168.0.1,55160.0,53.0,17.0,81.0,81.0,81.0,81.0,81.0,81.0,81.0,81.0
192.168.0.101,192.168.0.128,54095.0,502.0,6.0,66.0,66.0,81.0,54.0,54.0,54.0,54.0,54.0
192.168.0.101,192.168.0.128,54096.0,502.0,6.0,66.0,66.0,81.0,54.0,54.0,54.0,54.0,54.0
192.168.0.101,192.168.0.128,54097.0,502.0,6.0,66.0,66.0,81.0,54.0,54.0,54.0,54.0,54.0
192.168.0.101,192.168.0.128,54098.0,502.0,6.0,66.0,66.0,66.0,54.0,54.0,54.0,54.0,54.0
192.168.0.101,192.168.0.128,54099.0,502.0,6.0,66.0,66.0,81.0,54.0,54.0,54.0,54.0,54.0
192.168.0.101,192.168.0.128,54100.0,502.0,6.0,66.0,66.0,81.0,54.0,54.0,54.0,54.0,54.0
192.168.0.101,192.168.0.128,54101.0,502.0,6.0,66.0,66.0,87.0,54.0,54.0,54.0,54.0,54.0
192.168.0.101,192.168.0.128,54102.0,502.0,6.0,66.0,66.0,87.0,54.0,54.0,54.0,54.0,54.0
192.168.0.101,192.168.0.128,54103.0,502.0,6.0,66.0,66.0,87.0,54.0,54.0,54.0,54.0,54.0
192.168.0.101,192.168.0.128,54104.0,502.0,6.0,66.0,66.0,87.0,54.0,54.0,54.0,54.0,54.0
192.168.0.101,192.168.0.128,54105.0,502.0,6.0,66.0,66.0,87.0,54.0,54.0,54.0,54.0,54.0
192.168.0.101,192.168.0.128,54106.0,502.0,6.0,66.0,66.0,87.0,54.0,54.0,54.0,54.0,54.0
192.168.0.101,192.168.0.128,54107.0,502.0,6.0,66.0,66.0,66.0,66.0,66.0,87.0,54.0,54.0
192.168.0.101,192.168.0.128,54108.0,502.0,6.0,66.0,66.0,87.0,54.0,54.0,54.0,54.0,54.0
192.168.0.101,192.168.0.128,54109.0,502.0,6.0,66.0,66.0,87.0,54.0,54.0,54.0,54.0,54.0
192.168.0.101,192.168.0.128,54110.0,502.0,6.0,66.0,66.0,87.0,54.0,54.0,54.0,54.0,54.0
192.168.0.101,192.168.0.128,54111.0,502.0,6.0,66.0,66.0,66.0,66.0,66.0,66.0,87.0,54.0
192.168.0.101,192.168.0.128,54112.0,502.0,6.0,66.0,66.0,87.0,54.0,54.0,54.0,54.0,54.0
192.168.0.101,192.168.0.128,54113.0,502.0,6.0,66.0,66.0,66.0,54.0,54.0,54.0,54.0,54.0
192.168.0.101,192.168.0.128,54114.0,502.0,6.0,66.0,66.0,66.0,54.0,54.0,54.0,54.0,54.0
192.168.0.101,192.168.0.128,54115.0,502.0,6.0,66.0,66.0,87.0,54.0,54.0,54.0,54.0,54.0
192.168.0.101,192.168.0.128,54116.0,502.0,6.0,66.0,66.0,87.0,54.0,54.0,54.0,54.0,54.0
192.168.0.101,192.168.0.128,54117.0,502.0,6.0,66.0,66.0,87.0,54.0,54.0,54.0,54.0,54.0
192.168.0.101,192.168.0.128,54118.0,502.0,6.0,66.0,66.0,87.0,54.0,54.0,54.0,54.0,54.0
192.168.0.101,192.168.0.128,54119.0,502.0,6.0,66.0,66.0,87.0,54.0,54.0,54.0,54.0,54.0
192.168.0.101,192.168.0.128,54120.0,502.0,6.0,66.0,66.0,87.0,54.0,54.0,54.0,54.0,54.0
192.168.0.101,192.168.0.128,54145.0,502.0,6.0,66.0,66.0,87.0,54.0,54.0,54.0,54.0,54.0
192.168.0.101,192.168.0.128,54146.0,502.0,6.0,66.0,66.0,87.0,54.0,54.0,54.0,54.0,54.0
192.168.0.101,192.168.0.128,54147.0,502.0,6.0,66.0,66.0,87.0,54.0,54.0,54.0,54.0,54.0
192.168.0.101,192.168.0.128,54148.0,502.0,6.0,66.0,66.0,87.0,54.0,54.0,54.0,54.0,54.0
192.168.0.101,192.168.0.128,54149.0,502.0,6.0,66.0,66.0,66.0,66.0,66.0,66.0,87.0,54.0
192.168.0.101,192.168.0.128,54150.0,502.0,6.0,66.0,66.0,87.0,54.0,54.0,54.0,54.0,54.0
192.168.0.101,192.168.0.128,54151.0,502.0,6.0,66.0,66.0,66.0,66.0,66.0,66.0,87.0,54.0
192.168.0.101,192.168.0.128,54152.0,502.0,6.0,66.0,66.0,66.0,66.0,66.0,87.0,54.0,54.0
192.168.0.101,192.168.0.128,54153.0,502.0,6.0,66.0,66.0,66.0,66.0,66.0,87.0,54.0,54.0
192.168.0.101,192.168.0.128,54154.0,502.0,6.0,66.0,66.0,87.0,54.0,54.0,54.0,54.0,54.0
192.168.0.101,192.168.0.128,54155.0,502.0,6.0,66.0,66.0,87.0,54.0,54.0,54.0,54.0,54.0
192.168.0.101,192.168.0.128,54156.0,502.0,6.0,66.0,66.0,87.0,54.0,54.0,54.0,54.0,54.0
192.168.0.101,192.168.0.128,54157.0,502.0,6.0,66.0,66.0,66.0,66.0,66.0,66.0,87.0,54.0
192.168.0.101,192.168.0.128,54158.0,502.0,6.0,66.0,66.0,87.0,54.0,54.0,54.0,54.0,54.0
192.168.0.101,192.168.0.128,54159.0,502.0,6.0,66.0,66.0,87.0,54.0,54.0,54.0,54.0,54.0
192.168.0.101,192.168.0.128,54160.0,502.0,6.0,66.0,66.0,87.0,54.0,54.0,54.0,54.0,54.0
192.168.0.101,192.168.0.128,54161.0,502.0,6.0,66.0,66.0,87.0,54.0,54.0,54.0,54.0,54.0
192.168.0.101,192.168.0.128,54162.0,502.0,6.0,66.0,66.0,87.0,54.0,54.0,54.0,54.0,54.0
192.168.0.101,192.168.0.128,54163.0,502.0,6.0,66.0,66.0,87.0,54.0,54.0,54.0,54.0,54.0
192.168.0.101,192.168.0.128,54164.0,502.0,6.0,66.0,66.0,87.0,54.0,54.0,54.0,54.0,54.0
192.168.0.101,192.168.0.128,54165.0,502.0,6.0,66.0,66.0,87.0,54.0,54.0,54.0,54.0,54.0
192.168.0.101,192.168.0.128,54166.0,502.0,6.0,66.0,66.0,87.0,54.0,54.0,54.0,54.0,54.0
192.168.0.101,192.168.0.128,54167.0,502.0,6.0,66.0,66.0,87.0,54.0,54.0,54.0,54.0,54.0
192.168.0.101,192.168.0.128,54168.0,502.0,6.0,66.0,66.0,87.0,54.0,54.0,54.0,54.0,54.0
192.168.0.101,192.168.0.128,54169.0,502.0,6.0,66.0,66.0,87.0,54.0,54.0,54.0,54.0,54.0
192.168.0.101,192.168.0.128,54170.0,502.0,6.0,66.0,66.0,87.0,54.0,54.0,54.0,54.0,54.0
192.168.0.101,192.168.0.128,54171.0,502.0,6.0,66.0,66.0,66.0,66.0,66.0,66.0,87.0,54.0
192.168.0.101,192.168.0.128,54172.0,502.0,6.0,66.0,66.0,87.0,54.0,54.0,54.0,54.0,54.0
192.168.0.101,192.168.0.128,54173.0,502.0,6.0,66.0,66.0,87.0,54.0,54.0,54.0,54.0,54.0
192.168.0.101,192.168.0.128,54174.0,502.0,6.0,66.0,66.0,66.0,66.0,66.0,66.0,87.0,54.0
192.168.0.101,192.168.0.128,54175.0,502.0,6.0,66.0,66.0,87.0,54.0,54.0,54.0,54.0,54.0
192.168.0.101,192.168.0.128,54176.0,502.0,6.0,66.0,66.0,87.0,54.0,54.0,54.0,54.0,54.0
192.168.0.101,192.168.0.128,54177.0,502.0,6.0,66.0,66.0,87.0,54.0,54.0,54.0,54.0,54.0
192.168.0.101,192.168.0.128,54178.0,502.0,6.0,66.0,66.0,87.0,54.0,54.0,54.0,54.0,54.0
192.168.7.55,192.168.7.1,56335.0,53.0,17.0,81.0,81.0,81.0,81.0,81.0,81.0,81.0,81.0
192.168.7.55,192.168.7.1,51898.0,53.0,17.0,81.0,81.0,81.0,81.0,81.0,81.0,81.0,81.0
192.168.7.55,192.168.7.1,37083.0,53.0,17.0,81.0,81.0,81.0,81.0,81.0,81.0,81.0,81.0
192.168.7.55,192.168.7.1,44816.0,53.0,17.0,81.0,81.0,81.0,81.0,81.0,81.0,81.0,81.0
192.168.7.55,192.168.7.1,46526.0,53.0,17.0,81.0,81.0,81.0,81.0,81.0,81.0,81.0,81.0
192.168.7.55,192.168.7.1,58883.0,53.0,17.0,81.0,81.0,81.0,81.0,81.0,81.0,81.0,81.0
192.168.7.55,192.168.7.1,49752.0,53.0,17.0,81.0,81.0,81.0,81.0,81.0,81.0,81.0,81.0
192.168.7.55,192.168.7.1,57308.0,53.0,17.0,81.0,81.0,81.0,81.0,81.0,81.0,81.0,81.0
192.168.7.55,192.168.7.1,58323.0,53.0,17.0,81.0,81.0,81.0,81.0,81.0,81.0,81.0,81.0
192.168.7.55,192.168.7.1,38250.0,53.0,17.0,81.0,81.0,81.0,81.0,81.0,81.0,81.0,81.0
192.168.7.62,192.168.7.55,63846.0,502.0,6.0,66.0,105.0,54.0,66.0,105.0,54.0,66.0,105.0
192.168.7.55,192.168.7.1,47383.0,53.0,17.0,81.0,81.0,81.0,81.0,81.0,81.0,81.0,81.0
192.168.7.55,192.168.7.1,39506.0,53.0,17.0,81.0,81.0,81.0,81.0,81.0,81.0,81.0,81.0
192.168.7.55,192.168.7.1,35539.0,53.0,17.0,81.0,81.0,81.0,81.0,81.0,81.0,81.0,81.0
192.168.7.55,192.168.7.1,54922.0,53.0,17.0,81.0,81.0,81.0,81.0,81.0,81.0,81.0,81.0
192.168.7.55,192.168.7.1,44108.0,53.0,17.0,81.0,81.0,81.0,81.0,81.0,81.0,81.0,81.0
192.168.7.55,192.168.7.1,54770.0,53.0,17.0,81.0,81.0,81.0,81.0,81.0,81.0,81.0,81.0
192.168.7.55,192.168.7.1,50007.0,53.0,17.0,81.0,81.0,81.0,81.0,81.0,81.0,81.0,81.0
192.168.7.55,192.168.7.1,38498.0,53.0,17.0,81.0,81.0,81.0,81.0,81.0,81.0,81.0,81.0
192.168.7.55,192.168.7.1,43914.0,53.0,17.0,81.0,81.0,81.0,81.0,81.0,81.0,81.0,81.0
192.168.7.55,192.168.7.1,34288.0,53.0,17.0,81.0,81.0,81.0,81.0,81.0,81.0,81.0,81.0
192.168.7.55,192.168.7.1,43129.0,53.0,17.0,81.0,81.0,81.0,81.0,81.0,81.0,81.0,81.0
192.168.7.55,192.168.7.1,41787.0,53.0,17.0,81.0,81.0,81.0,81.0,81.0,81.0,81.0,81.0
192.168.7.55,192.168.7.1,49109.0,53.0,17.0,81.0,81.0,81.0,81.0,81.0,81.0,81.0,81.0
192.168.7.55,192.168.7.1,43017.0,53.0,17.0,81.0,81.0,81.0,81.0,81.0,81.0,81.0,81.0
192.168.7.55,192.168.7.1,35485.0,53.0,17.0,81.0,81.0,81.0,81.0,81.0,81.0,81.0,81.0
192.168.7.55,192.168.7.1,45147.0,53.0,17.0,81.0,81.0,81.0,81.0,81.0,81.0,81.0,81.0
192.168.7.55,192.168.7.1,55076.0,53.0,17.0,81.0,81.0,81.0,81.0,81.0,81.0,81.0,81.0
192.168.7.55,192.168.7.1,35301.0,53.0,17.0,81.0,81.0,81.0,81.0,81.0,81.0,81.0,81.0
192.168.7.55,192.168.7.1,34952.0,53.0,17.0,81.0,81.0,81.0,81.0,81.0,81.0,81.0,81.0
192.168.7.55,192.168.7.1,43412.0,53.0,17.0,81.0,81.0,81.0,81.0,81.0,81.0,81.0,81.0
192.168.7.55,192.168.7.1,55239.0,53.0,17.0,81.0,81.0,81.0,81.0,81.0,81.0,81.0,81.0
192.168.7.55,192.168.7.1,60360.0,53.0,17.0,81.0,81.0,81.0,81.0,81.0,81.0,81.0,81.0
192.168.7.55,192.168.7.1,42955.0,53.0,17.0,81.0,81.0,81.0,81.0,81.0,81.0,81.0,81.0
192.168.7.55,192.168.7.1,45817.0,53.0,17.0,81.0,81.0,81.0,81.0,81.0,81.0,81.0,81.0
192.168.7.55,192.168.7.1,38394.0,53.0,17.0,81.0,81.0,81.0,81.0,81.0,81.0,81.0,81.0
192.168.7.55,192.168.7.1,50369.0,53.0,17.0,81.0,81.0,81.0,81.0,81.0,81.0,81.0,81.0
192.168.7.55,192.168.7.1,60771.0,53.0,17.0,81.0,81.0,81.0,81.0,81.0,81.0,81.0,81.0
192.168.7.55,192.168.7.1,43294.0,53.0,17.0,81.0,81.0,81.0,81.0,81.0,81.0,81.0,81.0
192.168.7.55,192.168.7.1,59122.0,53.0,17.0,81.0,81.0,81.0,81.0,81.0,81.0,81.0,81.0
192.168.7.55,192.168.7.1,60755.0,53.0,17.0,81.0,81.0,81.0,81.0,81.0,81.0,81.0,81.0
192.168.7.55,192.168.7.1,56989.0,53.0,17.0,81.0,81.0,81.0,81.0,81.0,81.0,81.0,81.0
192.168.7.55,192.168.7.1,42636.0,53.0,17.0,81.0,81.0,81.0,81.0,81.0,81.0,81.0,81.0
192.168.7.55,192.168.7.1,57723.0,53.0,17.0,81.0,81.0,81.0,81.0,81.0,81.0,81.0,81.0
192.168.7.55,192.168.7.1,50382.0,53.0,17.0,81.0,81.0,81.0,81.0,81.0,81.0,81.0,81.0
192.168.7.55,192.168.7.1,38275.0,53.0,17.0,81.0,81.0,81.0,81.0,81.0,81.0,81.0,81.0
192.168.7.55,192.168.7.1,50952.0,53.0,17.0,81.0,81.0,81.0,81.0,81.0,81.0,81.0,81.0
192.168.7.55,192.168.7.1,51984.0,53.0,17.0,81.0,81.0,81.0,81.0,81.0,81.0,81.0,81.0
192.168.7.55,192.168.7.1,35059.0,53.0,17.0,81.0,81.0,81.0,81.0,81.0,81.0,81.0,81.0
192.168.7.55,192.168.7.1,50071.0,53.0,17.0,81.0,81.0,81.0,81.0,81.0,81.0,81.0,81.0
192.168.7.55,192.168.7.1,59903.0,53.0,17.0,81.0,81.0,81.0,81.0,81.0,81.0,81.0,81.0
192.168.7.55,192.168.7.1,51369.0,53.0,17.0,81.0,81.0,81.0,81.0,81.0,81.0,81.0,81.0
192.168.7.55,192.168.7.1,55319.0,53.0,17.0,81.0,81.0,81.0,81.0,81.0,81.0,81.0,81.0
192.168.7.55,192.168.7.1,56227.0,53.0,17.0,81.0,81.0,81.0,81.0,81.0,81.0,81.0,81.0
192.168.7.55,192.168.7.1,56224.0,53.0,17.0,81.0,81.0,81.0,81.0,81.0,81.0,81.0,81.0
192.168.7.55,192.168.7.1,59851.0,53.0,17.0,81.0,81.0,81.0,81.0,81.0,81.0,81.0,81.0
192.168.7.55,192.168.7.1,45613.0,53.0,17.0,81.0,81.0,81.0,81.0,81.0,81.0,81.0,81.0
192.168.7.55,192.168.7.1,40928.0,53.0,17.0,81.0,81.0,81.0,81.0,81.0,81.0,81.0,81.0
192.168.7.55,192.168.7.1,51431.0,53.0,17.0,81.0,81.0,81.0,81.0,81.0,81.0,81.0,81.0
192.168.7.55,192.168.7.1,41561.0,53.0,17.0,81.0,81.0,81.0,81.0,81.0,81.0,81.0,81.0
192.168.7.55,192.168.7.1,33768.0,53.0,17.0,81.0,81.0,81.0,81.0,81.0,81.0,81.0,81.0
192.168.7.62,192.168.7.255,137.0,137.0,17.0,92.0,92.0,92.0,92.0,92.0,92.0,92.0,92.0
192.168.7.55,192.168.7.1,38046.0,53.0,17.0,81.0,81.0,81.0,81.0,81.0,81.0,81.0,81.0
192.168.7.55,192.168.7.1,55190.0,53.0,17.0,81.0,81.0,81.0,81.0,81.0,81.0,81.0,81.0
192.168.7.55,192.168.7.1,33455.0,53.0,17.0,81.0,81.0,81.0,81.0,81.0,81.0,81.0,81.0
192.168.7.55,192.168.7.1,46787.0,53.0,17.0,81.0,81.0,81.0,81.0,81.0,81.0,81.0,81.0
192.168.7.55,192.168.7.1,36051.0,53.0,17.0,81.0,81.0,81.0,81.0,81.0,81.0,81.0,81.0
192.168.7.55,192.168.7.1,49288.0,53.0,17.0,81.0,81.0,81.0,81.0,81.0,81.0,81.0,81.0
192.168.7.55,192.168.7.1,39369.0,53.0,17.0,81.0,81.0,81.0,81.0,81.0,81.0,81.0,81.0
192.168.7.55,192.168.7.1,52246.0,53.0,17.0,81.0,81.0,81.0,81.0,81.0,81.0,81.0,81.0
192.168.7.55,192.168.7.1,37191.0,53.0,17.0,81.0,81.0,81.0,81.0,81.0,81.0,81.0,81.0
192.168.7.55,192.168.7.1,60022.0,53.0,17.0,81.0,81.0,81.0,81.0,81.0,81.0,81.0,81.0
192.168.7.55,192.168.7.1,44712.0,53.0,17.0,81.0,81.0,81.0,81.0,81.0,81.0,81.0,81.0
192.168.7.55,192.168.7.1,41289.0,53.0,17.0,81.0,81.0,81.0,81.0,81.0,81.0,81.0,81.0
192.168.7.55,192.168.7.1,56153.0,53.0,17.0,81.0,81.0,81.0,81.0,81.0,81.0,81.0,81.0
192.168.7.55,192.168.7.1,50976.0,53.0,17.0,81.0,81.0,81.0,81.0,81.0,81.0,81.0,81.0
192.168.7.55,192.168.7.1,54153.0,53.0,17.0,81.0,81.0,81.0,81.0,81.0,81.0,81.0,81.0
192.168.7.55,192.168.7.1,53961.0,53.0,17.0,81.0,81.0,81.0,81.0,81.0,81.0,81.0,81.0
192.168.7.55,192.168.7.1,34119.0,53.0,17.0,81.0,81.0,81.0,81.0,81.0,81.0,81.0,81.0
192.168.7.55,192.168.7.1,58605.0,53.0,17.0,81.0,81.0,81.0,81.0,81.0,81.0,81.0,81.0
192.168.7.55,192.168.7.1,34709.0,53.0,17.0,81.0,81.0,81.0,81.0,81.0,81.0,81.0,81.0
192.168.7.55,192.168.7.1,49345.0,53.0,17.0,81.0,81.0,81.0,81.0,81.0,81.0,81.0,81.0
192.168.7.55,224.0.0.251,5353.0,5353.0,17.0,87.0,87.0,87.0,87.0,99.0,87.0,99.0,87.0
192.168.7.55,192.168.7.1,34137.0,53.0,17.0,81.0,81.0,81.0,81.0,81.0,81.0,81.0,81.0
192.168.7.55,192.168.7.1,46374.0,53.0,17.0,81.0,81.0,81.0,81.0,81.0,81.0,81.0,81.0
192.168.7.55,192.168.7.1,43304.0,53.0,17.0,81.0,81.0,81.0,81.0,81.0,81.0,81.0,81.0
192.168.7.55,192.168.7.1,37021.0,53.0,17.0,81.0,81.0,81.0,81.0,81.0,81.0,81.0,81.0
192.168.7.55,192.168.7.1,40589.0,53.0,17.0,81.0,81.0,81.0,81.0,81.0,81.0,81.0,81.0
192.168.7.55,192.168.7.1,44673.0,53.0,17.0,81.0,81.0,81.0,81.0,81.0,81.0,81.0,81.0
192.168.7.55,192.168.7.1,48969.0,53.0,17.0,81.0,81.0,81.0,81.0,81.0,81.0,81.0,81.0
192.168.7.55,192.168.7.1,42836.0,53.0,17.0,81.0,81.0,81.0,81.0,81.0,81.0,81.0,81.0
192.168.7.55,192.168.7.1,49898.0,53.0,17.0,81.0,81.0,81.0,81.0,81.0,81.0,81.0,81.0
192.168.7.55,192.168.7.1,47247.0,53.0,17.0,81.0,81.0,81.0,81.0,81.0,81.0,81.0,81.0
192.168.7.55,192.168.7.1,34523.0,53.0,17.0,81.0,81.0,81.0,81.0,81.0,81.0,81.0,81.0
192.168.7.55,192.168.7.1,51280.0,53.0,17.0,81.0,81.0,81.0,81.0,81.0,81.0,81.0,81.0
192.168.7.55,192.168.7.1,46955.0,53.0,17.0,81.0,81.0,81.0,81.0,81.0,81.0,81.0,81.0
192.168.7.55,192.168.7.1,59999.0,53.0,17.0,81.0,81.0,81.0,81.0,81.0,81.0,81.0,81.0
192.168.7.55,192.168.7.1,60371.0,53.0,17.0,81.0,81.0,81.0,81.0,81.0,81.0,81.0,81.0
192.168.7.55,192.168.7.1,42715.0,53.0,17.0,81.0,81.0,81.0,81.0,81.0,81.0,81.0,81.0
192.168.7.55,192.168.7.1,35416.0,53.0,17.0,81.0,81.0,81.0,81.0,81.0,81.0,81.0,81.0
192.168.7.55,192.168.7.1,43061.0,53.0,17.0,81.0,81.0,81.0,81.0,81.0,81.0,81.0,81.0
192.168.7.55,192.168.7.1,57637.0,53.0,17.0,81.0,81.0,81.0,81.0,81.0,81.0,81.0,81.0
192.168.7.55,192.168.7.1,38645.0,53.0,17.0,81.0,81.0,81.0,81.0,81.0,81.0,81.0,81.0
192.168.7.55,192.168.7.1,59855.0,53.0,17.0,81.0,81.0,81.0,81.0,81.0,81.0,81.0,81.0
192.168.7.55,192.168.7.1,48902.0,53.0,17.0,81.0,81.0,81.0,81.0,81.0,81.0,81.0,81.0
192.168.7.55,192.168.7.1,42075.0,53.0,17.0,81.0,81.0,81.0,81.0,81.0,81.0,81.0,81.0
192.168.7.55,192.168.7.1,43711.0,53.0,17.0,81.0,81.0,81.0,81.0,81.0,81.0,81.0,81.0
192.168.7.55,192.168.7.1,55875.0,53.0,17.0,81.0,81.0,81.0,81.0,81.0,81.0,81.0,81.0
192.168.7.55,192.168.7.1,57310.0,53.0,17.0,81.0,81.0,81.0,81.0,81.0,81.0,81.0,81.0
192.168.7.55,192.168.7.1,36703.0,53.0,17.0,81.0,81.0,81.0,81.0,81.0,81.0,81.0,81.0
192.168.7.55,192.168.7.1,59932.0,53.0,17.0,81.0,81.0,81.0,81.0,81.0,81.0,81.0,81.0
192.168.7.55,192.168.7.1,57672.0,53.0,17.0,81.0,81.0,81.0,81.0,81.0,81.0,81.0,81.0
192.168.7.55,192.168.7.1,36040.0,53.0,17.0,81.0,81.0,81.0,81.0,81.0,81.0,81.0,81.0
192.168.7.55,192.168.7.1,43076.0,53.0,17.0,81.0,81.0,81.0,81.0,81.0,81.0,81.0,81.0
192.168.7.55,192.168.7.1,33130.0,53.0,17.0,81.0,81.0,81.0,81.0,81.0,81.0,81.0,81.0
192.168.7.55,192.168.7.1,43109.0,53.0,17.0,81.0,81.0,81.0,81.0,81.0,81.0,81.0,81.0
192.168.7.55,192.168.7.1,37601.0,53.0,17.0,81.0,81.0,81.0,81.0,81.0,81.0,81.0,81.0
192.168.7.55,192.168.7.1,48346.0,53.0,17.0,81.0,81.0,81.0,81.0,81.0,81.0,81.0,81.0
192.168.7.55,192.168.7.1,33600.0,53.0,17.0,81.0,81.0,81.0,81.0,81.0,81.0,81.0,81.0
192.168.7.55,192.168.7.1,52094.0,53.0,17.0,81.0,81.0,81.0,81.0,81.0,81.0,81.0,81.0
192.168.7.55,192.168.7.1,39004.0,53.0,17.0,81.0,81.0,81.0,81.0,81.0,81.0,81.0,81.0
192.168.7.55,192.168.7.1,60659.0,53.0,17.0,81.0,81.0,81.0,81.0,81.0,81.0,81.0,81.0
192.168.7.55,192.168.7.1,58841.0,53.0,17.0,81.0,81.0,81.0,81.0,81.0,81.0,81.0,81.0
192.168.7.62,192.168.7.55,64666.0,502.0,6.0,66.0,66.0,65.0,54.0,103.0,54.0,54.0,54.0
192.168.7.55,192.168.7.1,33784.0,53.0,17.0,81.0,81.0,81.0,81.0,81.0,81.0,81.0,81.0
192.168.7.55,192.168.7.1,39450.0,53.0,17.0,81.0,81.0,81.0,81.0,81.0,81.0,81.0,81.0
192.168.7.55,192.168.7.1,37816.0,53.0,17.0,81.0,81.0,81.0,81.0,81.0,81.0,81.0,81.0
192.168.7.55,192.168.7.1,38633.0,53.0,17.0,81.0,81.0,81.0,81.0,81.0,81.0,81.0,81.0
192.168.7.55,192.168.7.1,40422.0,53.0,17.0,81.0,81.0,81.0,81.0,81.0,81.0,81.0,81.0
192.168.7.55,192.168.7.1,53037.0,53.0,17.0,81.0,81.0,81.0,81.0,81.0,81.0,81.0,81.0
192.168.7.55,192.168.7.1,43910.0,53.0,17.0,81.0,81.0,81.0,81.0,81.0,81.0,81.0,81.0
192.168.7.55,192.168.7.1,42563.0,53.0,17.0,81.0,81.0,81.0,81.0,81.0,81.0,81.0,81.0
192.168.7.55,192.168.7.1,38070.0,53.0,17.0,81.0,81.0,81.0,81.0,81.0,81.0,81.0,81.0
192.168.7.55,192.168.7.1,47864.0,53.0,17.0,81.0,81.0,81.0,81.0,81.0,81.0,81.0,81.0
192.168.7.55,192.168.7.1,45872.0,53.0,17.0,81.0,81.0,81.0,81.0,145.0,81.0,145.0,81.0
192.168.7.62,192.168.7.55,49516.0,502.0,6.0,66.0,66.0,66.0,54.0,66.0,54.0,54.0,54.0
192.168.7.62,192.168.7.55,49817.0,502.0,6.0,66.0,66.0,66.0,54.0,65.0,54.0,54.0,66.0
192.168.7.62,224.0.0.251,5353.0,5353.0,17.0,77.0,77.0,77.0,77.0,77.0,77.0,77.0,77.0
192.168.7.62,192.168.7.55,50280.0,5900.0,6.0,66.0,66.0,54.0,66.0,115.0,54.0,394.0,618.0
