src_ip,dst_ip,src_port,dst_port,protocol,packet_size0,packet_size1,packet_size2,packet_size3,packet_size4,packet_size5,packet_size6,packet_size7,packet_size8,packet_size9,packet_size10,packet_size11,packet_size12,packet_size13,packet_size14,packet_size15
128.131.67.19,192.168.10.22,50414.0,22.0,6.0,0.04666666666666667,0.04666666666666667,0.04666666666666667,0.04666666666666667,0.04666666666666667,0.04666666666666667,0.04666666666666667,0.04666666666666667,0.04666666666666667,0.04666666666666667,0.04666666666666667,0.04666666666666667,0.04666666666666667,0.04666666666666667,0.04666666666666667,0.04666666666666667
194.45.33.29,192.168.10.2,4500.0,4500.0,17.0,0.08933333333333333,0.1,0.1,0.1,0.36666666666666664,0.1,0.196,0.1,0.132,0.24933333333333332,0.1,0.996,0.21733333333333332,0.12133333333333333,0.1,0.1
192.168.10.23,128.130.57.3,39962.0,3000.0,6.0,0.06666666666666667,0.04666666666666667,0.056666666666666664,0.04666666666666667,0.04666666666666667,0.04666666666666667,0.048,0.04666666666666667,0.050666666666666665,0.04666666666666667,0.06666666666666667,0.04666666666666667,0.056666666666666664,0.04666666666666667,0.04666666666666667,0.04666666666666667
192.168.10.135,131.130.37.53,35042.0,22.0,6.0,0.08133333333333333,0.04666666666666667,0.076,0.12133333333333333,0.04666666666666667,0.09466666666666666,0.07066666666666667,0.04666666666666667,0.12933333333333333,0.07066666666666667,0.04666666666666667,0.08133333333333333,0.04666666666666667,0.076,0.12133333333333333,0.09466666666666666
128.130.135.23,192.168.10.30,39808.0,1883.0,6.0,0.048,0.048,0.04666666666666667,0.048,0.048,0.04666666666666667,0.048,0.048,0.04666666666666667,0.048,0.048,0.04666666666666667,0.048,0.048,0.04666666666666667,0.048
192.168.10.135,131.130.37.53,49666.0,22.0,6.0,0.07066666666666667,0.07066666666666667,0.04666666666666667,0.07066666666666667,0.07066666666666667,0.04666666666666667,0.07066666666666667,0.07066666666666667,0.04666666666666667,0.07066666666666667,0.07066666666666667,0.04666666666666667,0.07066666666666667,0.07066666666666667,0.04666666666666667,0.07066666666666667
192.168.10.150,192.168.10.30,49266.0,1883.0,6.0,0.042666666666666665,0.042666666666666665,0.042666666666666665,0.042666666666666665,0.042666666666666665,0.042666666666666665,0.042666666666666665,0.042666666666666665,0.042666666666666665,0.042666666666666665,0.042666666666666665,0.042666666666666665,0.042666666666666665,0.042666666666666665,0.042666666666666665,0.042666666666666665
192.168.10.150,208.115.231.210,60325.0,443.0,6.0,0.042666666666666665,0.04666666666666667,0.042666666666666665,0.04666666666666667,0.042666666666666665,0.04666666666666667,0.042666666666666665,0.04666666666666667,0.042666666666666665,0.04666666666666667,0.042666666666666665,0.04666666666666667,0.042666666666666665,0.04666666666666667,0.042666666666666665,0.04666666666666667
192.168.10.150,192.168.10.255,5513.0,5512.0,17.0,0.042666666666666665,0.042666666666666665,0.042666666666666665,0.042666666666666665,0.042666666666666665,0.042666666666666665,0.042666666666666665,0.042666666666666665,0.042666666666666665,0.042666666666666665,0.042666666666666665,0.042666666666666665,0.042666666666666665,0.042666666666666665,0.042666666666666665,0.042666666666666665
192.168.10.135,3.127.6.122,48380.0,443.0,6.0,0.31933333333333336,0.17066666666666666,0.076,0.04666666666666667,0.04666666666666667,0.04666666666666667,0.04666666666666667,0.31933333333333336,0.04666666666666667,0.18533333333333332,0.04666666666666667,0.31933333333333336,0.04666666666666667,0.18533333333333332,0.04666666666666667,0.04666666666666667
192.168.10.32,20.199.120.182,26186.0,443.0,6.0,0.10866666666666666,0.15533333333333332,0.042666666666666665,0.10866666666666666,0.15533333333333332,0.042666666666666665,0.10866666666666666,0.15533333333333332,0.042666666666666665,0.10866666666666666,0.15533333333333332,0.042666666666666665,0.10866666666666666,0.15533333333333332,0.042666666666666665,0.10866666666666666
192.168.10.135,131.130.37.53,49662.0,22.0,6.0,0.08133333333333333,0.06533333333333333,0.04666666666666667,0.08133333333333333,0.06533333333333333,0.04666666666666667,0.08133333333333333,0.06533333333333333,0.04666666666666667,0.08133333333333333,0.06533333333333333,0.04666666666666667,0.08133333333333333,0.06533333333333333,0.04666666666666667,0.08133333333333333
128.130.135.23,192.168.10.30,34240.0,1883.0,6.0,0.048,0.048,0.04666666666666667,0.048,0.048,0.04666666666666667,0.048,0.048,0.04666666666666667,0.048,0.048,0.04666666666666667,0.048,0.048,0.04666666666666667,0.048
192.168.10.135,131.130.37.53,49660.0,22.0,6.0,0.08133333333333333,0.06533333333333333,0.04666666666666667,0.08133333333333333,0.06533333333333333,0.04666666666666667,0.08133333333333333,0.06533333333333333,0.04666666666666667,0.08133333333333333,0.06533333333333333,0.04666666666666667,0.08133333333333333,0.06533333333333333,0.04666666666666667,0.08133333333333333
192.168.10.135,131.130.37.53,49658.0,22.0,6.0,0.08133333333333333,0.06533333333333333,0.04666666666666667,0.08133333333333333,0.06533333333333333,0.04666666666666667,0.08133333333333333,0.06533333333333333,0.04666666666666667,0.08133333333333333,0.06533333333333333,0.04666666666666667,0.08133333333333333,0.06533333333333333,0.04666666666666667,0.08133333333333333
192.168.10.135,131.130.37.53,49672.0,22.0,6.0,0.08133333333333333,0.06533333333333333,0.04666666666666667,0.08133333333333333,0.06533333333333333,0.04666666666666667,0.08133333333333333,0.06533333333333333,0.04666666666666667,0.08133333333333333,0.06533333333333333,0.04666666666666667,0.08133333333333333,0.06533333333333333,0.04666666666666667,0.08133333333333333
192.168.10.135,131.130.37.53,35040.0,22.0,6.0,0.08133333333333333,0.06533333333333333,0.04666666666666667,0.08133333333333333,0.06533333333333333,0.04666666666666667,0.08133333333333333,0.06533333333333333,0.04666666666666667,0.08133333333333333,0.06533333333333333,0.04666666666666667,0.08133333333333333,0.06533333333333333,0.04666666666666667,0.08133333333333333
192.168.10.135,131.130.37.53,49656.0,22.0,6.0,0.08133333333333333,0.06533333333333333,0.04666666666666667,0.08133333333333333,0.06533333333333333,0.04666666666666667,0.08133333333333333,0.06533333333333333,0.04666666666666667,0.08133333333333333,0.06533333333333333,0.04666666666666667,0.08133333333333333,0.06533333333333333,0.04666666666666667,0.08133333333333333
128.130.2.3,192.168.10.22,123.0,123.0,17.0,0.06266666666666666,0.06266666666666666,0.06266666666666666,0.06266666666666666,0.06266666666666666,0.06266666666666666,0.06266666666666666,0.06266666666666666,0.06266666666666666,0.06266666666666666,0.06266666666666666,0.06266666666666666,0.06266666666666666,0.06266666666666666,0.06266666666666666,0.06266666666666666
192.168.10.23,142.251.36.106,48816.0,443.0,6.0,0.052,0.052,0.04666666666666667,0.482,0.050666666666666665,0.4,0.04666666666666667,0.04666666666666667,0.04666666666666667,0.5493333333333333,0.088,0.06733333333333333,0.04666666666666667,0.04666666666666667,0.04666666666666667,0.206
34.117.65.55,192.168.10.23,443.0,58196.0,6.0,0.06266666666666666,0.04666666666666667,0.06533333333333333,0.04666666666666667,0.06266666666666666,0.06533333333333333,0.04666666666666667,0.06266666666666666,0.06533333333333333,0.04666666666666667,0.06266666666666666,0.06533333333333333,0.04666666666666667,0.04666666666666667,0.06266666666666666,0.04666666666666667
192.168.10.32,192.168.10.255,138.0,138.0,17.0,0.16466666666666666,0.16466666666666666,0.16466666666666666,0.16466666666666666,0.16466666666666666,0.16466666666666666,0.16466666666666666,0.16466666666666666,0.16466666666666666,0.16466666666666666,0.16466666666666666,0.16466666666666666,0.16466666666666666,0.16466666666666666,0.16466666666666666,0.16466666666666666
192.168.10.150,239.255.255.250,1900.0,1900.0,17.0,0.3273333333333333,0.356,0.37466666666666665,0.32133333333333336,0.364,0.36533333333333334,0.36533333333333334,0.364,0.32133333333333336,0.37466666666666665,0.356,0.3273333333333333,0.3273333333333333,0.356,0.37466666666666665,0.32133333333333336
81.16.47.3,192.168.10.22,123.0,123.0,17.0,0.06266666666666666,0.06266666666666666,0.06266666666666666,0.06266666666666666,0.06266666666666666,0.06266666666666666,0.06266666666666666,0.06266666666666666,0.06266666666666666,0.06266666666666666,0.06266666666666666,0.06266666666666666,0.06266666666666666,0.06266666666666666,0.06266666666666666,0.06266666666666666
217.196.145.42,192.168.10.22,123.0,123.0,17.0,0.06266666666666666,0.06266666666666666,0.06266666666666666,0.06266666666666666,0.06266666666666666,0.06266666666666666,0.06266666666666666,0.06266666666666666,0.06266666666666666,0.06266666666666666,0.06266666666666666,0.06266666666666666,0.06266666666666666,0.06266666666666666,0.06266666666666666,0.06266666666666666
192.168.10.32,239.255.255.250,63733.0,3702.0,17.0,0.468,0.468,0.468,0.468,0.468,0.468,0.468,0.468,0.468,0.468,0.468,0.468,0.468,0.468,0.468,0.468
192.168.10.150,192.168.10.255,138.0,138.0,17.0,0.16466666666666666,0.16466666666666666,0.16466666666666666,0.16466666666666666,0.16466666666666666,0.16466666666666666,0.16466666666666666,0.16466666666666666,0.16466666666666666,0.16466666666666666,0.16466666666666666,0.16466666666666666,0.16466666666666666,0.16466666666666666,0.16466666666666666,0.16466666666666666
192.168.10.32,51.104.136.2,26671.0,443.0,6.0,0.04666666666666667,0.04666666666666667,0.042666666666666665,0.18266666666666667,1.0,1.0,0.5973333333333334,0.042666666666666665,0.144,0.07266666666666667,0.08466666666666667,0.042666666666666665,0.09666666666666666,0.18933333333333333,0.064,0.064
192.168.10.32,51.104.136.2,26672.0,443.0,6.0,0.04666666666666667,0.04666666666666667,0.042666666666666665,0.18266666666666667,1.0,1.0,0.5973333333333334,0.042666666666666665,0.144,0.07266666666666667,0.08466666666666667,0.042666666666666665,0.09666666666666666,0.6966666666666667,0.064,0.064
185.144.161.170,192.168.10.22,123.0,123.0,17.0,0.06266666666666666,0.06266666666666666,0.06266666666666666,0.06266666666666666,0.06266666666666666,0.06266666666666666,0.06266666666666666,0.06266666666666666,0.06266666666666666,0.06266666666666666,0.06266666666666666,0.06266666666666666,0.06266666666666666,0.06266666666666666,0.06266666666666666,0.06266666666666666
78.41.116.149,192.168.10.22,123.0,123.0,17.0,0.06266666666666666,0.06266666666666666,0.06266666666666666,0.06266666666666666,0.06266666666666666,0.06266666666666666,0.06266666666666666,0.06266666666666666,0.06266666666666666,0.06266666666666666,0.06266666666666666,0.06266666666666666,0.06266666666666666,0.06266666666666666,0.06266666666666666,0.06266666666666666
162.159.200.1,192.168.10.22,123.0,123.0,17.0,0.06266666666666666,0.06266666666666666,0.06266666666666666,0.06266666666666666,0.06266666666666666,0.06266666666666666,0.06266666666666666,0.06266666666666666,0.06266666666666666,0.06266666666666666,0.06266666666666666,0.06266666666666666,0.06266666666666666,0.06266666666666666,0.06266666666666666,0.06266666666666666
192.168.10.32,52.184.214.53,26674.0,443.0,6.0,0.04666666666666667,0.04666666666666667,0.042666666666666665,0.18666666666666668,1.0,0.686,0.042666666666666665,0.144,0.07266666666666667,0.08466666666666667,0.042666666666666665,0.09666666666666666,0.14,0.064,0.4726666666666667,0.064
192.168.10.135,35.159.42.141,42628.0,443.0,6.0,0.052,0.052,0.04666666666666667,0.228,0.04666666666666667,0.13133333333333333,0.050666666666666665,0.068,0.04666666666666667,0.04666666666666667,1.0,0.04666666666666667,1.0,0.04666666666666667,0.23733333333333334,0.08533333333333333
192.168.10.32,52.182.143.209,26675.0,443.0,6.0,0.04666666666666667,0.04666666666666667,0.042666666666666665,0.18133333333333335,1.0,1.0,1.0,0.114,0.042666666666666665,0.144,0.07266666666666667,0.08466666666666667,0.042666666666666665,0.09666666666666666,0.4846666666666667,0.064
192.168.10.23,34.117.65.55,58202.0,443.0,6.0,0.052,0.052,0.04666666666666667,0.4826666666666667,0.04666666666666667,0.188,0.04666666666666667,0.08933333333333333,0.16,0.43733333333333335,0.04666666666666667,0.06733333333333333,0.06733333333333333,0.04666666666666667,0.04666666666666667,0.07266666666666667
192.168.10.23,34.117.65.55,58204.0,443.0,6.0,0.052,0.052,0.04666666666666667,0.4766666666666667,0.04666666666666667,0.192,0.04666666666666667,0.08933333333333333,0.404,0.04666666666666667,0.5786666666666667,0.04666666666666667,0.104,0.04666666666666667,0.138,0.04666666666666667
192.168.10.32,51.104.136.2,26676.0,443.0,6.0,0.04666666666666667,0.04666666666666667,0.042666666666666665,0.18266666666666667,1.0,1.0,0.5973333333333334,0.042666666666666665,0.144,0.07266666666666667,0.08466666666666667,0.042666666666666665,0.09666666666666666,0.718,0.064,0.064
192.168.10.32,52.184.214.53,26677.0,443.0,6.0,0.04666666666666667,0.04666666666666667,0.042666666666666665,0.18666666666666668,1.0,0.6873333333333334,0.042666666666666665,0.144,0.07266666666666667,0.08466666666666667,0.042666666666666665,0.09666666666666666,0.14,0.064,0.4726666666666667,0.042666666666666665
192.168.10.32,40.70.229.150,26678.0,443.0,6.0,0.04666666666666667,0.04666666666666667,0.042666666666666665,0.18666666666666668,1.0,0.6866666666666666,0.042666666666666665,0.144,0.07266666666666667,0.08466666666666667,0.042666666666666665,0.09666666666666666,0.064,0.13866666666666666,0.4726666666666667,0.042666666666666665
192.168.10.32,52.184.213.187,26679.0,443.0,6.0,0.04666666666666667,0.04666666666666667,0.042666666666666665,0.18666666666666668,1.0,0.6866666666666666,0.042666666666666665,0.144,0.07266666666666667,0.08466666666666667,0.042666666666666665,0.09666666666666666,0.064,0.13866666666666666,0.4746666666666667,0.042666666666666665
192.168.10.32,52.179.216.235,26680.0,443.0,6.0,0.04666666666666667,0.04666666666666667,0.042666666666666665,0.18666666666666668,1.0,0.686,0.042666666666666665,0.144,0.07266666666666667,0.08466666666666667,0.042666666666666665,0.09666666666666666,0.064,0.13866666666666666,0.4726666666666667,0.042666666666666665
192.168.10.23,142.251.36.74,60212.0,443.0,6.0,0.052,0.052,0.04666666666666667,0.4866666666666667,0.050666666666666665,0.4,0.04666666666666667,0.04666666666666667,0.04666666666666667,0.5586666666666666,0.088,0.06733333333333333,0.04666666666666667,0.04666666666666667,0.04666666666666667,0.206
192.168.10.32,52.184.216.246,26681.0,443.0,6.0,0.04666666666666667,0.04666666666666667,0.042666666666666665,0.18666666666666668,1.0,0.686,0.042666666666666665,0.144,0.07266666666666667,0.08466666666666667,0.042666666666666665,0.09666666666666666,0.064,0.13866666666666666,0.4726666666666667,0.042666666666666665
192.168.10.32,52.184.214.53,26682.0,443.0,6.0,0.04666666666666667,0.04666666666666667,0.042666666666666665,0.18666666666666668,1.0,0.6866666666666666,0.042666666666666665,0.144,0.07266666666666667,0.08466666666666667,0.042666666666666665,0.09666666666666666,0.13933333333333334,0.064,0.47333333333333333,0.042666666666666665
192.168.10.135,3.127.6.122,48844.0,443.0,6.0,0.052,0.052,0.04666666666666667,0.228,0.04666666666666667,0.13133333333333333,0.050666666666666665,0.068,0.04666666666666667,0.04666666666666667,1.0,0.04666666666666667,1.0,0.04666666666666667,0.23733333333333334,0.08533333333333333
192.168.10.23,34.149.100.209,43174.0,443.0,6.0,0.052,0.052,0.04666666666666667,0.4866666666666667,0.04666666666666667,0.188,0.04666666666666667,0.08933333333333333,0.16,0.20933333333333334,0.43733333333333335,0.04666666666666667,0.06733333333333333,0.06733333333333333,0.04666666666666667,0.04666666666666667
192.168.10.32,20.189.173.15,26683.0,443.0,6.0,0.04666666666666667,0.04666666666666667,0.042666666666666665,0.18133333333333335,1.0,1.0,1.0,0.114,0.042666666666666665,0.144,0.07266666666666667,0.08466666666666667,0.042666666666666665,0.09666666666666666,0.4846666666666667,0.064
192.168.10.23,35.201.103.21,40360.0,443.0,6.0,0.052,0.052,0.04666666666666667,0.478,0.04666666666666667,0.188,0.04666666666666667,0.08933333333333333,0.16,0.17,0.43733333333333335,0.04666666666666667,0.06733333333333333,0.06733333333333333,0.04666666666666667,0.32
192.168.10.23,34.98.75.36,58348.0,443.0,6.0,0.052,0.052,0.04666666666666667,0.486,0.04666666666666667,0.188,0.04666666666666667,0.08933333333333333,0.16,0.182,0.43733333333333335,0.04666666666666667,0.06733333333333333,0.04666666666666667,0.06733333333333333,0.04666666666666667
192.168.10.23,34.160.144.191,50052.0,443.0,6.0,0.052,0.052,0.04666666666666667,0.48533333333333334,0.04666666666666667,0.188,0.04666666666666667,0.08933333333333333,0.16,0.21733333333333332,0.43733333333333335,0.04666666666666667,0.06733333333333333,0.04666666666666667,0.06733333333333333,0.04666666666666667
192.168.10.23,35.244.181.201,42650.0,443.0,6.0,0.052,0.052,0.04666666666666667,0.3913333333333333,0.04666666666666667,0.15066666666666667,0.04666666666666667,0.08066666666666666,0.16466666666666666,0.26266666666666666,0.09266666666666666,0.04666666666666667,0.072,0.072,0.04666666666666667,0.04666666666666667
192.168.10.23,54.214.185.83,47796.0,443.0,6.0,0.052,0.052,0.04666666666666667,0.3913333333333333,0.04666666666666667,1.0,1.0,0.41,0.04666666666666667,0.13066666666666665,0.8406666666666667,0.04666666666666667,0.08066666666666666,0.04666666666666667,0.20666666666666667,0.04666666666666667
192.168.10.32,52.179.216.235,26685.0,443.0,6.0,0.04666666666666667,0.04666666666666667,0.042666666666666665,0.18666666666666668,1.0,0.6866666666666666,0.042666666666666665,0.144,0.07266666666666667,0.08466666666666667,0.042666666666666665,0.09666666666666666,0.13866666666666666,0.064,0.4726666666666667,0.064
192.168.10.23,142.251.36.106,48836.0,443.0,6.0,0.052,0.052,0.04666666666666667,0.482,0.050666666666666665,0.4,0.04666666666666667,0.04666666666666667,0.04666666666666667,0.5493333333333333,0.088,0.04666666666666667,0.04666666666666667,0.06733333333333333,0.04666666666666667,0.10266666666666667
192.168.10.32,52.184.216.246,26686.0,443.0,6.0,0.04666666666666667,0.04666666666666667,0.042666666666666665,0.18666666666666668,1.0,0.6873333333333334,0.042666666666666665,0.144,0.07266666666666667,0.08466666666666667,0.042666666666666665,0.09666666666666666,0.13866666666666666,0.064,0.4726666666666667,0.064
192.168.10.32,52.184.214.53,26687.0,443.0,6.0,0.04666666666666667,0.04666666666666667,0.042666666666666665,0.18666666666666668,1.0,0.6866666666666666,0.042666666666666665,0.144,0.07266666666666667,0.08466666666666667,0.042666666666666665,0.09666666666666666,0.14,0.064,0.4726666666666667,0.064
192.168.10.32,52.184.214.53,26688.0,443.0,6.0,0.04666666666666667,0.04666666666666667,0.042666666666666665,0.18666666666666668,1.0,0.686,0.042666666666666665,0.144,0.07266666666666667,0.08466666666666667,0.042666666666666665,0.09666666666666666,0.13933333333333334,0.064,0.47333333333333333,0.042666666666666665
192.168.10.135,3.127.6.122,48970.0,443.0,6.0,0.052,0.052,0.04666666666666667,0.228,0.04666666666666667,0.13133333333333333,0.050666666666666665,0.068,0.04666666666666667,0.04666666666666667,1.0,0.04666666666666667,1.0,0.04666666666666667,0.23733333333333334,0.08533333333333333
192.168.10.32,52.184.216.246,26689.0,443.0,6.0,0.04666666666666667,0.04666666666666667,0.042666666666666665,0.18666666666666668,1.0,0.6873333333333334,0.042666666666666665,0.144,0.07266666666666667,0.08466666666666667,0.042666666666666665,0.09666666666666666,0.064,0.13866666666666666,0.47333333333333333,0.064
192.168.10.32,40.70.229.150,26690.0,443.0,6.0,0.04666666666666667,0.04666666666666667,0.042666666666666665,0.18666666666666668,1.0,0.6866666666666666,0.042666666666666665,0.144,0.07266666666666667,0.08466666666666667,0.042666666666666665,0.09666666666666666,0.064,0.138,0.4746666666666667,0.064
192.168.10.32,40.70.229.150,26691.0,443.0,6.0,0.04666666666666667,0.04666666666666667,0.042666666666666665,0.18666666666666668,1.0,0.686,0.042666666666666665,0.144,0.07266666666666667,0.08466666666666667,0.042666666666666665,0.09666666666666666,0.13866666666666666,0.4726666666666667,0.064,0.042666666666666665
192.168.10.32,52.184.213.187,26692.0,443.0,6.0,0.04666666666666667,0.04666666666666667,0.042666666666666665,0.18666666666666668,1.0,0.6866666666666666,0.042666666666666665,0.144,0.07266666666666667,0.08466666666666667,0.042666666666666665,0.09666666666666666,0.064,0.13866666666666666,0.4746666666666667,0.042666666666666665
192.168.10.32,104.208.16.89,26693.0,443.0,6.0,0.04666666666666667,0.04666666666666667,0.042666666666666665,0.18133333333333335,1.0,1.0,1.0,0.114,0.042666666666666665,0.144,0.07266666666666667,0.08466666666666667,0.042666666666666665,0.09666666666666666,0.4846666666666667,0.064
192.168.10.32,20.73.194.208,26694.0,443.0,6.0,0.04666666666666667,0.04666666666666667,0.042666666666666665,0.18266666666666667,1.0,1.0,0.5973333333333334,0.042666666666666665,0.144,0.07266666666666667,0.08466666666666667,0.042666666666666665,0.09666666666666666,0.6466666666666666,0.064,0.042666666666666665
192.168.10.32,40.78.107.244,26695.0,443.0,6.0,0.04666666666666667,0.04666666666666667,0.042666666666666665,0.17933333333333334,1.0,0.644,0.042666666666666665,0.144,0.07266666666666667,0.08466666666666667,0.042666666666666665,0.09666666666666666,0.22733333333333333,0.064,1.0,1.0
192.168.10.32,20.42.73.25,26696.0,443.0,6.0,0.04666666666666667,0.04666666666666667,0.042666666666666665,0.18133333333333335,1.0,1.0,1.0,0.114,0.042666666666666665,0.144,0.07266666666666667,0.08466666666666667,0.042666666666666665,0.09666666666666666,0.4846666666666667,0.064
192.168.10.32,8.238.206.254,26697.0,80.0,6.0,0.04666666666666667,0.04666666666666667,0.042666666666666665,0.20466666666666666,0.042666666666666665,1.0,1.0,1.0,0.042666666666666665,0.042666666666666665,1.0,0.042666666666666665,1.0,0.3293333333333333,0.042666666666666665,0.042666666666666665
192.168.10.32,52.165.164.15,26698.0,443.0,6.0,0.04666666666666667,0.04666666666666667,0.042666666666666665,0.18266666666666667,1.0,0.7273333333333334,0.042666666666666665,0.144,0.07266666666666667,0.08466666666666667,0.042666666666666665,0.09666666666666666,0.18733333333333332,0.064,0.9853333333333333,0.9853333333333333
192.168.10.32,20.42.73.25,26699.0,443.0,6.0,0.04666666666666667,0.04666666666666667,0.042666666666666665,0.18133333333333335,1.0,1.0,1.0,0.114,0.042666666666666665,0.144,0.07266666666666667,0.08466666666666667,0.042666666666666665,0.09666666666666666,0.064,0.4846666666666667
192.168.10.32,20.54.110.119,26700.0,443.0,6.0,0.04666666666666667,0.04666666666666667,0.042666666666666665,0.18866666666666668,1.0,1.0,0.66,0.042666666666666665,0.144,0.07266666666666667,0.08466666666666667,0.042666666666666665,0.09666666666666666,0.22733333333333333,0.064,0.9053333333333333
192.168.10.32,20.54.24.148,26701.0,443.0,6.0,0.04666666666666667,0.04666666666666667,0.042666666666666665,0.18333333333333332,1.0,0.6866666666666666,0.042666666666666665,0.144,0.07266666666666667,0.08466666666666667,0.042666666666666665,0.09666666666666666,0.156,0.064,0.064,0.042666666666666665
192.168.10.32,23.62.222.56,26702.0,443.0,6.0,0.04666666666666667,0.04666666666666667,0.042666666666666665,0.18466666666666667,0.042666666666666665,1.0,1.0,0.8226666666666667,1.0,0.042666666666666665,0.042666666666666665,0.2846666666666667,0.12266666666666666,0.042666666666666665,0.22133333333333333,0.25933333333333336
192.168.10.32,23.62.222.56,26703.0,443.0,6.0,0.04666666666666667,0.04666666666666667,0.042666666666666665,0.18466666666666667,0.042666666666666665,1.0,1.0,0.8226666666666667,0.042666666666666665,1.0,0.042666666666666665,0.2846666666666667,0.12266666666666666,0.042666666666666665,0.22133333333333333,0.4246666666666667
192.168.10.32,178.79.227.128,26705.0,80.0,6.0,0.04666666666666667,0.04666666666666667,0.042666666666666665,0.262,0.042666666666666665,0.042666666666666665,0.3453333333333333,0.266,0.042666666666666665,1.0,1.0,1.0,0.042666666666666665,1.0,1.0,0.042666666666666665
192.168.10.32,178.79.227.128,26706.0,80.0,6.0,0.04666666666666667,0.04666666666666667,0.042666666666666665,0.27,0.042666666666666665,0.35533333333333333,1.0,0.042666666666666665,1.0,1.0,0.042666666666666665,1.0,1.0,0.042666666666666665,1.0,1.0
192.168.10.32,20.42.73.25,26707.0,443.0,6.0,0.04666666666666667,0.04666666666666667,0.042666666666666665,0.18133333333333335,1.0,1.0,0.042666666666666665,1.0,0.114,0.042666666666666665,0.144,0.07266666666666667,0.08466666666666667,0.042666666666666665,0.09666666666666666,0.4846666666666667
192.168.10.32,20.42.73.25,26708.0,443.0,6.0,0.04666666666666667,0.04666666666666667,0.042666666666666665,0.18133333333333335,1.0,1.0,0.042666666666666665,1.0,0.114,0.042666666666666665,0.144,0.07266666666666667,0.08466666666666667,0.042666666666666665,0.09666666666666666,0.4846666666666667
192.168.10.32,20.42.65.88,26709.0,443.0,6.0,0.04666666666666667,0.04666666666666667,0.042666666666666665,0.18133333333333335,1.0,1.0,1.0,0.114,0.042666666666666665,0.042666666666666665,0.144,0.07266666666666667,0.08466666666666667,0.042666666666666665,0.09666666666666666,0.4846666666666667
192.168.10.23,34.117.65.55,58222.0,443.0,6.0,0.052,0.052,0.04666666666666667,0.4826666666666667,0.04666666666666667,0.188,0.04666666666666667,0.08933333333333333,0.16,0.43733333333333335,0.04666666666666667,0.06733333333333333,0.06733333333333333,0.04666666666666667,0.04666666666666667,0.07266666666666667
192.168.10.23,34.117.65.55,58224.0,443.0,6.0,0.052,0.052,0.04666666666666667,0.4766666666666667,0.04666666666666667,0.192,0.04666666666666667,0.08933333333333333,0.404,0.04666666666666667,0.5786666666666667,0.04666666666666667,0.104,0.04666666666666667,0.138,0.04666666666666667
192.168.10.23,142.251.36.106,48842.0,443.0,6.0,0.052,0.052,0.04666666666666667,0.482,0.050666666666666665,0.4,0.04666666666666667,0.04666666666666667,0.04666666666666667,0.5493333333333333,0.088,0.06733333333333333,0.04666666666666667,0.04666666666666667,0.04666666666666667,0.206
192.168.10.135,3.127.6.122,49334.0,443.0,6.0,0.052,0.052,0.04666666666666667,0.228,0.04666666666666667,0.13133333333333333,0.072,0.04666666666666667,1.0,0.04666666666666667,1.0,0.04666666666666667,0.23733333333333334,0.08533333333333333,1.0,0.476
192.168.10.32,104.208.16.88,26710.0,443.0,6.0,0.04666666666666667,0.04666666666666667,0.042666666666666665,0.18133333333333335,1.0,1.0,1.0,0.114,0.042666666666666665,0.042666666666666665,0.144,0.07266666666666667,0.08466666666666667,0.042666666666666665,0.09666666666666666,0.4846666666666667
192.168.10.32,40.70.229.150,26711.0,443.0,6.0,0.04666666666666667,0.04666666666666667,0.042666666666666665,0.18666666666666668,1.0,0.6866666666666666,0.042666666666666665,0.144,0.07266666666666667,0.08466666666666667,0.042666666666666665,0.09666666666666666,0.138,0.064,0.4746666666666667,0.064
192.168.10.32,52.184.213.187,26712.0,443.0,6.0,0.04666666666666667,0.04666666666666667,0.042666666666666665,0.18666666666666668,1.0,0.686,0.042666666666666665,0.144,0.07266666666666667,0.08466666666666667,0.042666666666666665,0.09666666666666666,0.064,0.13866666666666666,0.4746666666666667,0.064
192.168.10.135,35.159.42.141,44184.0,443.0,6.0,0.052,0.052,0.04666666666666667,0.228,0.04666666666666667,0.13133333333333333,0.050666666666666665,0.068,0.04666666666666667,0.04666666666666667,1.0,0.04666666666666667,1.0,0.04666666666666667,0.23733333333333334,0.08533333333333333
192.168.10.32,52.184.216.246,26713.0,443.0,6.0,0.04666666666666667,0.04666666666666667,0.042666666666666665,0.18666666666666668,1.0,0.686,0.042666666666666665,0.144,0.07266666666666667,0.08466666666666667,0.042666666666666665,0.09666666666666666,0.13866666666666666,0.064,0.47333333333333333,0.064
192.168.10.23,142.251.36.106,48844.0,443.0,6.0,0.052,0.052,0.04666666666666667,0.482,0.050666666666666665,0.4,0.04666666666666667,0.04666666666666667,0.04666666666666667,0.5493333333333333,0.088,0.06733333333333333,0.04666666666666667,0.04666666666666667,0.04666666666666667,0.206
192.168.10.32,52.179.216.235,26714.0,443.0,6.0,0.04666666666666667,0.04666666666666667,0.042666666666666665,0.18666666666666668,1.0,0.6866666666666666,0.042666666666666665,0.144,0.07266666666666667,0.08466666666666667,0.042666666666666665,0.09666666666666666,0.13866666666666666,0.064,0.4726666666666667,0.042666666666666665
192.168.10.32,52.184.216.246,26715.0,443.0,6.0,0.04666666666666667,0.04666666666666667,0.042666666666666665,0.18666666666666668,1.0,0.686,0.042666666666666665,0.144,0.07266666666666667,0.08466666666666667,0.042666666666666665,0.09666666666666666,0.064,0.13866666666666666,0.4726666666666667,0.042666666666666665
192.168.10.32,20.50.73.9,26716.0,443.0,6.0,0.04666666666666667,0.04666666666666667,0.042666666666666665,0.18133333333333335,1.0,1.0,1.0,0.114,0.042666666666666665,0.042666666666666665,0.144,0.07266666666666667,0.08466666666666667,0.042666666666666665,0.09666666666666666,0.4846666666666667
192.168.10.23,34.117.65.55,58230.0,443.0,6.0,0.052,0.052,0.04666666666666667,0.4826666666666667,0.04666666666666667,0.188,0.04666666666666667,0.08933333333333333,0.16,0.43733333333333335,0.04666666666666667,0.06733333333333333,0.06733333333333333,0.04666666666666667,0.04666666666666667,0.07266666666666667
192.168.10.23,34.117.65.55,58232.0,443.0,6.0,0.052,0.052,0.04666666666666667,0.4766666666666667,0.04666666666666667,0.192,0.04666666666666667,0.08933333333333333,0.404,0.04666666666666667,0.5786666666666667,0.04666666666666667,0.104,0.04666666666666667,0.138,0.04666666666666667
192.168.10.135,3.127.6.122,50508.0,443.0,6.0,0.052,0.052,0.04666666666666667,0.228,0.04666666666666667,0.13133333333333333,0.050666666666666665,0.068,0.04666666666666667,0.04666666666666667,1.0,0.04666666666666667,1.0,0.04666666666666667,0.23733333333333334,0.08533333333333333
192.168.10.32,52.184.216.246,26718.0,443.0,6.0,0.04666666666666667,0.04666666666666667,0.042666666666666665,0.18666666666666668,1.0,0.6866666666666666,0.042666666666666665,0.144,0.07266666666666667,0.08466666666666667,0.042666666666666665,0.09666666666666666,0.064,0.13866666666666666,0.47333333333333333,0.064
192.168.10.32,52.184.216.246,26719.0,443.0,6.0,0.04666666666666667,0.04666666666666667,0.042666666666666665,0.18666666666666668,1.0,0.686,0.042666666666666665,0.144,0.07266666666666667,0.08466666666666667,0.042666666666666665,0.09666666666666666,0.064,0.13866666666666666,0.4726666666666667,0.042666666666666665
192.168.10.23,142.251.36.106,48850.0,443.0,6.0,0.052,0.052,0.04666666666666667,0.482,0.050666666666666665,0.4,0.04666666666666667,0.04666666666666667,0.04666666666666667,0.5493333333333333,0.088,0.06733333333333333,0.04666666666666667,0.04666666666666667,0.04666666666666667,0.10266666666666667
192.168.10.32,52.179.216.235,26720.0,443.0,6.0,0.04666666666666667,0.04666666666666667,0.042666666666666665,0.18666666666666668,1.0,0.6873333333333334,0.042666666666666665,0.144,0.07266666666666667,0.08466666666666667,0.042666666666666665,0.09666666666666666,0.13866666666666666,0.064,0.4726666666666667,0.064
192.168.10.32,40.70.229.150,26721.0,443.0,6.0,0.04666666666666667,0.04666666666666667,0.042666666666666665,0.18666666666666668,1.0,0.6866666666666666,0.042666666666666665,0.144,0.07266666666666667,0.08466666666666667,0.042666666666666665,0.09666666666666666,0.138,0.064,0.4746666666666667,0.042666666666666665
192.168.10.32,52.184.214.53,26722.0,443.0,6.0,0.04666666666666667,0.04666666666666667,0.042666666666666665,0.18666666666666668,1.0,0.6866666666666666,0.042666666666666665,0.144,0.07266666666666667,0.08466666666666667,0.042666666666666665,0.09666666666666666,0.064,0.14,0.4726666666666667,0.042666666666666665
192.168.10.32,52.184.214.53,26723.0,443.0,6.0,0.04666666666666667,0.04666666666666667,0.042666666666666665,0.18666666666666668,1.0,0.6866666666666666,0.042666666666666665,0.144,0.07266666666666667,0.08466666666666667,0.042666666666666665,0.09666666666666666,0.064,0.13933333333333334,0.47333333333333333,0.042666666666666665
192.168.10.32,40.70.229.150,26724.0,443.0,6.0,0.04666666666666667,0.04666666666666667,0.042666666666666665,0.18666666666666668,1.0,0.6873333333333334,0.042666666666666665,0.144,0.07266666666666667,0.08466666666666667,0.042666666666666665,0.09666666666666666,0.064,0.13866666666666666,0.4726666666666667,0.064
192.168.10.135,35.159.42.141,44888.0,443.0,6.0,0.052,0.052,0.04666666666666667,0.228,0.04666666666666667,0.13133333333333333,0.050666666666666665,0.068,0.04666666666666667,0.04666666666666667,1.0,0.04666666666666667,1.0,0.04666666666666667,0.23733333333333334,1.0
192.168.10.32,20.42.65.88,26725.0,443.0,6.0,0.04666666666666667,0.04666666666666667,0.042666666666666665,0.18133333333333335,1.0,1.0,1.0,0.114,0.042666666666666665,0.144,0.07266666666666667,0.08466666666666667,0.042666666666666665,0.09666666666666666,0.4846666666666667,0.064
192.168.10.23,142.251.36.106,48852.0,443.0,6.0,0.052,0.052,0.04666666666666667,0.482,0.050666666666666665,0.4,0.04666666666666667,0.04666666666666667,0.04666666666666667,0.5493333333333333,0.088,0.04666666666666667,0.04666666666666667,0.06733333333333333,0.04666666666666667,0.20533333333333334
192.168.10.32,52.184.214.53,26726.0,443.0,6.0,0.04666666666666667,0.04666666666666667,0.042666666666666665,0.18666666666666668,1.0,0.686,0.042666666666666665,0.144,0.07266666666666667,0.08466666666666667,0.042666666666666665,0.09666666666666666,0.13933333333333334,0.064,0.47333333333333333,0.042666666666666665
192.168.10.135,35.159.42.141,45148.0,443.0,6.0,0.052,0.052,0.04666666666666667,0.228,0.04666666666666667,0.13133333333333333,0.072,0.04666666666666667,0.04666666666666667,1.0,1.0,0.04666666666666667,0.23733333333333334,0.08533333333333333,1.0,0.476
192.168.10.32,52.184.214.53,26727.0,443.0,6.0,0.04666666666666667,0.04666666666666667,0.042666666666666665,0.18666666666666668,1.0,0.6866666666666666,0.042666666666666665,0.144,0.07266666666666667,0.08466666666666667,0.042666666666666665,0.09666666666666666,0.14,0.4726666666666667,0.064,0.042666666666666665
192.168.10.32,40.70.229.150,26728.0,443.0,6.0,0.04666666666666667,0.04666666666666667,0.042666666666666665,0.18666666666666668,1.0,0.6866666666666666,0.042666666666666665,0.144,0.07266666666666667,0.08466666666666667,0.042666666666666665,0.09666666666666666,0.13866666666666666,0.4726666666666667,0.064,0.042666666666666665
192.168.10.32,52.168.117.168,26729.0,443.0,6.0,0.04666666666666667,0.04666666666666667,0.042666666666666665,0.18133333333333335,1.0,1.0,1.0,0.114,0.042666666666666665,0.144,0.07266666666666667,0.08466666666666667,0.042666666666666665,0.09666666666666666,0.4846666666666667,0.064
192.168.10.32,8.249.61.254,26730.0,80.0,6.0,0.04666666666666667,0.04666666666666667,0.042666666666666665,0.22666666666666666,0.042666666666666665,0.2633333333333333,0.22933333333333333,0.042666666666666665,0.042666666666666665,0.042666666666666665,0.042666666666666665,0.042666666666666665,0.042666666666666665,0.042666666666666665,0.042666666666666665,0.042666666666666665
192.168.10.32,51.104.136.2,26731.0,443.0,6.0,0.04666666666666667,0.04666666666666667,0.042666666666666665,0.18266666666666667,1.0,1.0,0.5973333333333334,0.042666666666666665,0.144,0.07266666666666667,0.08466666666666667,0.042666666666666665,0.09666666666666666,0.6466666666666666,0.064,0.064
192.168.10.23,34.117.65.55,58238.0,443.0,6.0,0.052,0.052,0.04666666666666667,0.4826666666666667,0.04666666666666667,0.188,0.04666666666666667,0.08933333333333333,0.16,0.43733333333333335,0.04666666666666667,0.06733333333333333,0.06733333333333333,0.04666666666666667,0.04666666666666667,0.07266666666666667
192.168.10.23,34.117.65.55,58240.0,443.0,6.0,0.052,0.052,0.04666666666666667,0.4766666666666667,0.04666666666666667,0.192,0.04666666666666667,0.08933333333333333,0.404,0.04666666666666667,0.5786666666666667,0.04666666666666667,0.104,0.04666666666666667,0.138,0.04666666666666667
192.168.10.32,40.70.229.150,26732.0,443.0,6.0,0.04666666666666667,0.04666666666666667,0.042666666666666665,0.18666666666666668,1.0,0.6866666666666666,0.042666666666666665,0.144,0.07266666666666667,0.08466666666666667,0.042666666666666665,0.09666666666666666,0.138,0.064,0.4746666666666667,0.042666666666666665
192.168.10.150,142.251.36.110,55503.0,443.0,6.0,0.04666666666666667,0.04666666666666667,0.042666666666666665,0.16066666666666668,0.042666666666666665,0.98,0.98,0.042666666666666665,0.98,0.98,0.042666666666666665,0.7686666666666667,0.12266666666666666,0.07266666666666667,0.342,0.042666666666666665
192.168.10.32,52.184.213.187,26733.0,443.0,6.0,0.04666666666666667,0.04666666666666667,0.042666666666666665,0.18666666666666668,1.0,0.6873333333333334,0.042666666666666665,0.144,0.07266666666666667,0.08466666666666667,0.042666666666666665,0.09666666666666666,0.13866666666666666,0.064,0.4746666666666667,0.042666666666666665
192.168.10.32,52.179.216.235,26734.0,443.0,6.0,0.04666666666666667,0.04666666666666667,0.042666666666666665,0.18666666666666668,1.0,0.6873333333333334,0.042666666666666665,0.144,0.07266666666666667,0.08466666666666667,0.042666666666666665,0.09666666666666666,0.13866666666666666,0.064,0.4726666666666667,0.042666666666666665
192.168.10.32,52.184.216.246,26735.0,443.0,6.0,0.04666666666666667,0.04666666666666667,0.042666666666666665,0.18666666666666668,1.0,0.6866666666666666,0.042666666666666665,0.144,0.07266666666666667,0.08466666666666667,0.042666666666666665,0.09666666666666666,0.064,0.13866666666666666,0.47333333333333333,0.042666666666666665
192.168.10.23,142.251.36.106,48858.0,443.0,6.0,0.052,0.052,0.04666666666666667,0.482,0.050666666666666665,0.4,0.04666666666666667,0.04666666666666667,0.04666666666666667,0.5493333333333333,0.088,0.06733333333333333,0.20533333333333334,0.04666666666666667,0.04666666666666667,0.04666666666666667
192.168.10.32,142.251.37.99,26736.0,443.0,6.0,0.04666666666666667,0.04666666666666667,0.042666666666666665,0.176,0.042666666666666665,0.98,0.98,0.98,0.2826666666666667,0.042666666666666665,0.042666666666666665,0.10066666666666667,0.23533333333333334,0.08466666666666667,0.042666666666666665,0.09666666666666666
192.168.10.135,35.159.42.141,45372.0,443.0,6.0,0.052,0.052,0.04666666666666667,0.228,0.04666666666666667,0.13133333333333333,0.050666666666666665,0.068,0.04666666666666667,1.0,0.04666666666666667,0.04666666666666667,1.0,0.04666666666666667,0.23733333333333334,0.08533333333333333
192.168.10.32,104.208.16.90,26737.0,443.0,6.0,0.04666666666666667,0.04666666666666667,0.042666666666666665,0.18133333333333335,1.0,1.0,1.0,0.114,0.042666666666666665,0.144,0.07266666666666667,0.08466666666666667,0.042666666666666665,0.09666666666666666,0.4846666666666667,0.064
192.168.10.32,40.70.229.150,26738.0,443.0,6.0,0.04666666666666667,0.04666666666666667,0.042666666666666665,0.18666666666666668,1.0,0.6873333333333334,0.042666666666666665,0.144,0.07266666666666667,0.08466666666666667,0.042666666666666665,0.09666666666666666,0.138,0.064,0.4746666666666667,0.042666666666666665
192.168.10.32,52.179.216.235,26739.0,443.0,6.0,0.04666666666666667,0.04666666666666667,0.042666666666666665,0.18666666666666668,1.0,0.6866666666666666,0.042666666666666665,0.144,0.07266666666666667,0.08466666666666667,0.042666666666666665,0.09666666666666666,0.13866666666666666,0.064,0.4726666666666667,0.042666666666666665
192.168.10.23,142.251.36.106,48860.0,443.0,6.0,0.052,0.052,0.04666666666666667,0.482,0.050666666666666665,0.40066666666666667,0.04666666666666667,0.04666666666666667,0.04666666666666667,0.5493333333333333,0.088,0.06733333333333333,0.04666666666666667,0.04666666666666667,0.04666666666666667,0.206
192.168.10.135,35.159.42.141,45590.0,443.0,6.0,0.052,0.052,0.04666666666666667,0.228,0.04666666666666667,0.13133333333333333,0.050666666666666665,0.068,0.04666666666666667,0.04666666666666667,1.0,0.04666666666666667,1.0,0.23733333333333334,0.08533333333333333,0.04666666666666667
192.168.10.32,52.184.213.187,26740.0,443.0,6.0,0.04666666666666667,0.04666666666666667,0.042666666666666665,0.18666666666666668,1.0,0.686,0.042666666666666665,0.144,0.07266666666666667,0.08466666666666667,0.042666666666666665,0.09666666666666666,0.064,0.13866666666666666,0.4746666666666667,0.042666666666666665
192.168.10.32,52.184.216.246,26741.0,443.0,6.0,0.04666666666666667,0.04666666666666667,0.042666666666666665,0.18666666666666668,1.0,0.6866666666666666,0.042666666666666665,0.144,0.07266666666666667,0.08466666666666667,0.042666666666666665,0.09666666666666666,0.13866666666666666,0.064,0.4726666666666667,0.064
192.168.10.32,52.184.214.53,26742.0,443.0,6.0,0.04666666666666667,0.04666666666666667,0.042666666666666665,0.18666666666666668,1.0,0.6873333333333334,0.042666666666666665,0.144,0.07266666666666667,0.08466666666666667,0.042666666666666665,0.09666666666666666,0.064,0.13933333333333334,0.47333333333333333,0.042666666666666665
192.168.10.32,40.70.229.150,26743.0,443.0,6.0,0.04666666666666667,0.04666666666666667,0.042666666666666665,0.18666666666666668,1.0,0.6866666666666666,0.042666666666666665,0.144,0.07266666666666667,0.08466666666666667,0.042666666666666665,0.09666666666666666,0.064,0.13866666666666666,0.4726666666666667,0.064
192.168.10.32,20.189.173.2,26744.0,443.0,6.0,0.04666666666666667,0.04666666666666667,0.042666666666666665,0.18133333333333335,1.0,1.0,1.0,0.114,0.042666666666666665,0.144,0.07266666666666667,0.08466666666666667,0.042666666666666665,0.09666666666666666,0.4846666666666667,0.064
192.168.10.23,34.117.65.55,58246.0,443.0,6.0,0.052,0.052,0.04666666666666667,0.4826666666666667,0.04666666666666667,0.188,0.04666666666666667,0.08933333333333333,0.16,0.43733333333333335,0.04666666666666667,0.06733333333333333,0.06733333333333333,0.04666666666666667,0.04666666666666667,0.07266666666666667
192.168.10.23,34.117.65.55,58248.0,443.0,6.0,0.052,0.052,0.04666666666666667,0.4766666666666667,0.04666666666666667,0.192,0.04666666666666667,0.08933333333333333,0.404,0.04666666666666667,0.5786666666666667,0.04666666666666667,0.104,0.04666666666666667,0.138,0.04666666666666667
192.168.10.135,3.127.6.122,51776.0,443.0,6.0,0.052,0.052,0.04666666666666667,0.228,0.04666666666666667,0.13133333333333333,0.050666666666666665,0.068,0.04666666666666667,0.04666666666666667,1.0,0.04666666666666667,1.0,0.04666666666666667,0.23733333333333334,0.08533333333333333
192.168.10.150,142.251.36.131,57733.0,443.0,6.0,0.04666666666666667,0.04666666666666667,0.042666666666666665,0.162,0.042666666666666665,0.98,0.98,0.042666666666666665,0.98,0.31666666666666665,0.042666666666666665,0.12266666666666666,0.07266666666666667,0.4533333333333333,0.784,0.042666666666666665
192.168.10.23,142.251.36.106,48866.0,443.0,6.0,0.052,0.052,0.04666666666666667,0.482,0.050666666666666665,0.4,0.04666666666666667,0.04666666666666667,0.04666666666666667,0.5493333333333333,0.088,0.06733333333333333,0.04666666666666667,0.04666666666666667,0.04666666666666667,0.206
192.168.10.32,52.184.213.187,26746.0,443.0,6.0,0.04666666666666667,0.04666666666666667,0.042666666666666665,0.18666666666666668,1.0,0.6873333333333334,0.042666666666666665,0.144,0.07266666666666667,0.08466666666666667,0.042666666666666665,0.09666666666666666,0.13866666666666666,0.064,0.4746666666666667,0.042666666666666665
192.168.10.32,51.104.136.2,26747.0,443.0,6.0,0.04666666666666667,0.04666666666666667,0.042666666666666665,0.18266666666666667,1.0,1.0,0.5973333333333334,0.042666666666666665,0.144,0.07266666666666667,0.08466666666666667,0.042666666666666665,0.09666666666666666,0.5093333333333333,0.064,0.042666666666666665
192.168.10.32,20.189.173.12,26748.0,443.0,6.0,0.04666666666666667,0.04666666666666667,0.042666666666666665,0.18133333333333335,1.0,1.0,1.0,0.114,0.042666666666666665,0.144,0.07266666666666667,0.08466666666666667,0.042666666666666665,0.09666666666666666,0.4846666666666667,0.064
192.168.10.32,52.179.216.235,26749.0,443.0,6.0,0.04666666666666667,0.04666666666666667,0.042666666666666665,0.18666666666666668,1.0,0.6866666666666666,0.042666666666666665,0.144,0.07266666666666667,0.08466666666666667,0.042666666666666665,0.09666666666666666,0.064,0.13866666666666666,0.4726666666666667,0.042666666666666665
192.168.10.32,52.184.214.53,26750.0,443.0,6.0,0.04666666666666667,0.04666666666666667,0.042666666666666665,0.18666666666666668,1.0,0.6866666666666666,0.042666666666666665,0.144,0.07266666666666667,0.08466666666666667,0.042666666666666665,0.09666666666666666,0.064,0.14,0.4726666666666667,0.064
192.168.10.32,52.184.216.246,26751.0,443.0,6.0,0.04666666666666667,0.04666666666666667,0.042666666666666665,0.18666666666666668,1.0,0.6873333333333334,0.042666666666666665,0.144,0.07266666666666667,0.08466666666666667,0.042666666666666665,0.09666666666666666,0.064,0.13866666666666666,0.47333333333333333,0.042666666666666665
192.168.10.135,35.159.42.141,45980.0,443.0,6.0,0.052,0.052,0.04666666666666667,0.228,0.04666666666666667,0.13133333333333333,0.050666666666666665,0.068,0.04666666666666667,0.04666666666666667,1.0,0.04666666666666667,1.0,0.04666666666666667,0.23733333333333334,0.08533333333333333
192.168.10.23,142.251.36.74,60258.0,443.0,6.0,0.052,0.052,0.04666666666666667,0.4866666666666667,0.050666666666666665,0.4,0.04666666666666667,0.04666666666666667,0.04666666666666667,0.5586666666666666,0.088,0.06733333333333333,0.04666666666666667,0.04666666666666667,0.04666666666666667,0.206
192.168.10.32,52.184.213.187,26752.0,443.0,6.0,0.04666666666666667,0.04666666666666667,0.042666666666666665,0.18666666666666668,1.0,0.6873333333333334,0.042666666666666665,0.144,0.07266666666666667,0.08466666666666667,0.042666666666666665,0.09666666666666666,0.13866666666666666,0.064,0.4746666666666667,0.064
192.168.10.135,35.159.42.141,46002.0,443.0,6.0,0.052,0.052,0.04666666666666667,0.228,0.04666666666666667,0.13133333333333333,0.050666666666666665,0.068,0.04666666666666667,0.04666666666666667,1.0,0.04666666666666667,1.0,0.04666666666666667,0.23733333333333334,0.08533333333333333
192.168.10.32,40.79.141.153,26753.0,443.0,6.0,0.04666666666666667,0.04666666666666667,0.042666666666666665,0.18133333333333335,1.0,1.0,1.0,0.114,0.042666666666666665,0.144,0.07266666666666667,0.08466666666666667,0.042666666666666665,0.09666666666666666,0.4846666666666667,0.064
192.168.10.23,34.117.65.55,58254.0,443.0,6.0,0.052,0.052,0.04666666666666667,0.4826666666666667,0.04666666666666667,0.188,0.04666666666666667,0.08933333333333333,0.16,0.43733333333333335,0.04666666666666667,0.06733333333333333,0.06733333333333333,0.04666666666666667,0.04666666666666667,0.07266666666666667
192.168.10.23,34.117.65.55,58256.0,443.0,6.0,0.052,0.052,0.04666666666666667,0.4766666666666667,0.04666666666666667,0.192,0.04666666666666667,0.08933333333333333,0.404,0.04666666666666667,0.5786666666666667,0.04666666666666667,0.104,0.04666666666666667,0.138,0.04666666666666667
192.168.10.32,52.184.214.53,26754.0,443.0,6.0,0.04666666666666667,0.04666666666666667,0.042666666666666665,0.18666666666666668,1.0,0.6866666666666666,0.042666666666666665,0.144,0.07266666666666667,0.08466666666666667,0.042666666666666665,0.09666666666666666,0.064,0.14,0.4726666666666667,0.042666666666666665
192.168.10.32,52.179.216.235,26755.0,443.0,6.0,0.04666666666666667,0.04666666666666667,0.042666666666666665,0.18666666666666668,1.0,0.6873333333333334,0.042666666666666665,0.144,0.07266666666666667,0.08466666666666667,0.042666666666666665,0.09666666666666666,0.064,0.13866666666666666,0.4726666666666667,0.042666666666666665
192.168.10.32,52.184.214.53,26756.0,443.0,6.0,0.04666666666666667,0.04666666666666667,0.042666666666666665,0.18666666666666668,1.0,0.6866666666666666,0.042666666666666665,0.144,0.07266666666666667,0.08466666666666667,0.042666666666666665,0.09666666666666666,0.064,0.13933333333333334,0.47333333333333333,0.064
192.168.10.32,40.70.229.150,26757.0,443.0,6.0,0.04666666666666667,0.04666666666666667,0.042666666666666665,0.18666666666666668,1.0,0.686,0.042666666666666665,0.144,0.07266666666666667,0.08466666666666667,0.042666666666666665,0.09666666666666666,0.064,0.138,0.4746666666666667,0.042666666666666665
192.168.10.23,142.251.36.106,48874.0,443.0,6.0,0.052,0.052,0.04666666666666667,0.482,0.050666666666666665,0.40066666666666667,0.04666666666666667,0.04666666666666667,0.04666666666666667,0.5493333333333333,0.088,0.06733333333333333,0.04666666666666667,0.04666666666666667,0.04666666666666667,0.206
192.168.10.32,51.104.136.2,26758.0,443.0,6.0,0.04666666666666667,0.04666666666666667,0.042666666666666665,0.18266666666666667,1.0,1.0,0.5973333333333334,0.042666666666666665,0.144,0.07266666666666667,0.08466666666666667,0.042666666666666665,0.09666666666666666,0.18533333333333332,0.064,0.064
192.168.10.135,35.159.42.141,46100.0,443.0,6.0,0.052,0.052,0.04666666666666667,0.228,0.04666666666666667,0.13133333333333333,0.050666666666666665,0.068,0.04666666666666667,0.04666666666666667,1.0,0.04666666666666667,1.0,0.04666666666666667,1.0,0.476
192.168.10.32,20.189.173.3,26760.0,443.0,6.0,0.04666666666666667,0.04666666666666667,0.042666666666666665,0.18133333333333335,1.0,1.0,1.0,0.114,0.042666666666666665,0.042666666666666665,0.144,0.07266666666666667,0.08466666666666667,0.042666666666666665,0.09666666666666666,0.4846666666666667
192.168.10.23,142.251.36.106,48876.0,443.0,6.0,0.052,0.052,0.04666666666666667,0.482,0.050666666666666665,0.4,0.04666666666666667,0.04666666666666667,0.04666666666666667,0.5493333333333333,0.088,0.06733333333333333,0.04666666666666667,0.04666666666666667,0.04666666666666667,0.206
192.168.10.135,3.127.6.122,52268.0,443.0,6.0,0.052,0.052,0.04666666666666667,0.228,0.04666666666666667,0.13133333333333333,0.050666666666666665,0.068,1.0,0.04666666666666667,0.04666666666666667,0.04666666666666667,1.0,0.04666666666666667,0.23733333333333334,0.08533333333333333
192.168.10.32,52.184.214.53,26761.0,443.0,6.0,0.04666666666666667,0.04666666666666667,0.042666666666666665,0.18666666666666668,1.0,0.6873333333333334,0.042666666666666665,0.144,0.07266666666666667,0.08466666666666667,0.042666666666666665,0.09666666666666666,0.14,0.064,0.4726666666666667,0.042666666666666665
192.168.10.32,52.184.214.53,26762.0,443.0,6.0,0.04666666666666667,0.04666666666666667,0.042666666666666665,0.18666666666666668,1.0,0.6866666666666666,0.042666666666666665,0.144,0.07266666666666667,0.08466666666666667,0.042666666666666665,0.09666666666666666,0.13933333333333334,0.064,0.47333333333333333,0.042666666666666665
192.168.10.32,52.184.216.246,26763.0,443.0,6.0,0.04666666666666667,0.04666666666666667,0.042666666666666665,0.18666666666666668,1.0,0.6873333333333334,0.042666666666666665,0.144,0.07266666666666667,0.08466666666666667,0.042666666666666665,0.09666666666666666,0.064,0.13866666666666666,0.4726666666666667,0.064
192.168.10.32,40.70.229.150,26764.0,443.0,6.0,0.04666666666666667,0.04666666666666667,0.042666666666666665,0.18666666666666668,1.0,0.6866666666666666,0.042666666666666665,0.144,0.07266666666666667,0.08466666666666667,0.042666666666666665,0.09666666666666666,0.064,0.13866666666666666,0.4726666666666667,0.042666666666666665
192.168.10.32,20.189.173.9,26765.0,443.0,6.0,0.04666666666666667,0.04666666666666667,0.042666666666666665,0.18133333333333335,1.0,1.0,1.0,0.114,0.042666666666666665,0.144,0.07266666666666667,0.08466666666666667,0.042666666666666665,0.09666666666666666,0.4846666666666667,0.064
192.168.10.23,34.117.65.55,58262.0,443.0,6.0,0.052,0.052,0.04666666666666667,0.4826666666666667,0.04666666666666667,0.188,0.04666666666666667,0.08933333333333333,0.16,0.43733333333333335,0.04666666666666667,0.06733333333333333,0.06733333333333333,0.04666666666666667,0.04666666666666667,0.07266666666666667
192.168.10.23,34.117.65.55,58264.0,443.0,6.0,0.052,0.052,0.04666666666666667,0.4766666666666667,0.04666666666666667,0.192,0.04666666666666667,0.08933333333333333,0.404,0.04666666666666667,0.5786666666666667,0.04666666666666667,0.104,0.04666666666666667,0.138,0.04666666666666667
192.168.10.23,142.251.36.106,48882.0,443.0,6.0,0.052,0.052,0.04666666666666667,0.482,0.050666666666666665,0.4,0.04666666666666667,0.04666666666666667,0.04666666666666667,0.5493333333333333,0.088,0.06733333333333333,0.04666666666666667,0.04666666666666667,0.04666666666666667,0.206
192.168.10.135,3.127.6.122,52736.0,443.0,6.0,0.052,0.052,0.04666666666666667,0.228,0.04666666666666667,0.13133333333333333,0.050666666666666665,0.068,0.04666666666666667,0.04666666666666667,1.0,0.04666666666666667,1.0,0.23733333333333334,0.08533333333333333,0.04666666666666667
192.168.10.32,52.184.216.246,26766.0,443.0,6.0,0.04666666666666667,0.04666666666666667,0.042666666666666665,0.18666666666666668,1.0,0.6873333333333334,0.042666666666666665,0.144,0.07266666666666667,0.08466666666666667,0.042666666666666665,0.09666666666666666,0.064,0.13866666666666666,0.4726666666666667,0.064
192.168.10.32,52.184.214.53,26767.0,443.0,6.0,0.04666666666666667,0.04666666666666667,0.042666666666666665,0.18666666666666668,1.0,0.686,0.042666666666666665,0.144,0.07266666666666667,0.08466666666666667,0.042666666666666665,0.09666666666666666,0.064,0.14,0.4726666666666667,0.042666666666666665
192.168.10.32,52.184.214.53,26768.0,443.0,6.0,0.04666666666666667,0.04666666666666667,0.042666666666666665,0.18666666666666668,1.0,0.6866666666666666,0.042666666666666665,0.144,0.07266666666666667,0.08466666666666667,0.042666666666666665,0.09666666666666666,0.064,0.13933333333333334,0.47333333333333333,0.064
192.168.10.2,185.125.190.29,27510.0,443.0,6.0,0.052,0.052,0.04666666666666667,0.3913333333333333,0.9453333333333334,0.9453333333333334,0.9453333333333334,0.08133333333333333,0.36,0.04666666666666667,0.04666666666666667,0.04666666666666667,0.04666666666666667,0.1,0.13333333333333333,0.24866666666666667
192.168.10.23,34.149.100.209,43234.0,443.0,6.0,0.052,0.052,0.04666666666666667,0.4866666666666667,0.04666666666666667,0.188,0.04666666666666667,0.08933333333333333,0.16,0.20933333333333334,0.43733333333333335,0.04666666666666667,0.06733333333333333,0.06733333333333333,0.04666666666666667,0.30266666666666664
192.168.10.32,40.79.141.152,26769.0,443.0,6.0,0.04666666666666667,0.04666666666666667,0.042666666666666665,0.18133333333333335,1.0,1.0,1.0,0.114,0.042666666666666665,0.042666666666666665,0.144,0.07266666666666667,0.08466666666666667,0.042666666666666665,0.09666666666666666,0.484
192.168.10.23,35.201.103.21,40420.0,443.0,6.0,0.052,0.052,0.04666666666666667,0.478,0.04666666666666667,0.188,0.04666666666666667,0.08933333333333333,0.16,0.17,0.43733333333333335,0.04666666666666667,0.06733333333333333,0.04666666666666667,0.06733333333333333,0.04666666666666667
192.168.10.23,34.98.75.36,58408.0,443.0,6.0,0.052,0.052,0.04666666666666667,0.486,0.04666666666666667,0.188,0.04666666666666667,0.08933333333333333,0.16,0.182,0.43733333333333335,0.04666666666666667,0.06733333333333333,0.06733333333333333,0.04666666666666667,0.04666666666666667
192.168.10.23,34.160.144.191,50112.0,443.0,6.0,0.052,0.052,0.04666666666666667,0.48533333333333334,0.04666666666666667,0.188,0.04666666666666667,0.08933333333333333,0.16,0.21733333333333332,0.43733333333333335,0.04666666666666667,0.06733333333333333,0.06733333333333333,0.04666666666666667,0.264
192.168.10.32,52.184.213.187,26771.0,443.0,6.0,0.04666666666666667,0.04666666666666667,0.042666666666666665,0.18666666666666668,1.0,0.6866666666666666,0.042666666666666665,0.144,0.07266666666666667,0.08466666666666667,0.042666666666666665,0.09666666666666666,0.064,0.13866666666666666,0.4746666666666667,0.042666666666666665
192.168.10.32,52.184.216.246,26772.0,443.0,6.0,0.04666666666666667,0.04666666666666667,0.042666666666666665,0.18666666666666668,1.0,0.6866666666666666,0.042666666666666665,0.144,0.07266666666666667,0.08466666666666667,0.042666666666666665,0.09666666666666666,0.064,0.13866666666666666,0.47333333333333333,0.042666666666666665
192.168.10.32,52.179.216.235,26773.0,443.0,6.0,0.04666666666666667,0.04666666666666667,0.042666666666666665,0.18666666666666668,1.0,0.6873333333333334,0.042666666666666665,0.144,0.07266666666666667,0.08466666666666667,0.042666666666666665,0.09666666666666666,0.064,0.13866666666666666,0.4726666666666667,0.042666666666666665
192.168.10.23,54.214.185.83,47854.0,443.0,6.0,0.052,0.052,0.04666666666666667,0.3913333333333333,0.04666666666666667,1.0,1.0,0.41,0.04666666666666667,0.13066666666666665,0.8406666666666667,0.08066666666666666,0.04666666666666667,0.20666666666666667,0.04666666666666667,0.04666666666666667
192.168.10.135,35.159.42.141,47120.0,443.0,6.0,0.052,0.052,0.04666666666666667,0.228,0.04666666666666667,0.13133333333333333,0.050666666666666665,0.068,0.04666666666666667,0.04666666666666667,1.0,0.04666666666666667,1.0,0.04666666666666667,0.23733333333333334,0.08533333333333333
192.168.10.23,142.251.36.106,48894.0,443.0,6.0,0.052,0.052,0.04666666666666667,0.482,0.050666666666666665,0.4,0.04666666666666667,0.04666666666666667,0.04666666666666667,0.5493333333333333,0.088,0.06733333333333333,0.04666666666666667,0.04666666666666667,0.04666666666666667,0.20533333333333334
192.168.10.32,20.42.72.131,26774.0,443.0,6.0,0.04666666666666667,0.04666666666666667,0.042666666666666665,0.18133333333333335,1.0,1.0,1.0,0.114,0.042666666666666665,0.144,0.07266666666666667,0.08466666666666667,0.042666666666666665,0.09666666666666666,0.4846666666666667,0.064
192.168.10.23,34.117.65.55,58280.0,443.0,6.0,0.052,0.052,0.04666666666666667,0.4826666666666667,0.04666666666666667,0.188,0.04666666666666667,0.08933333333333333,0.16,0.43733333333333335,0.04666666666666667,0.06733333333333333,0.06733333333333333,0.04666666666666667,0.04666666666666667,0.07266666666666667
192.168.10.23,34.117.65.55,58282.0,443.0,6.0,0.052,0.052,0.04666666666666667,0.4766666666666667,0.04666666666666667,0.192,0.04666666666666667,0.08933333333333333,0.404,0.04666666666666667,0.5786666666666667,0.04666666666666667,0.104,0.04666666666666667,0.138,0.04666666666666667
192.168.10.135,35.159.42.141,47434.0,443.0,6.0,0.052,0.052,0.04666666666666667,0.228,0.04666666666666667,0.13133333333333333,0.050666666666666665,0.068,0.04666666666666667,0.04666666666666667,1.0,0.04666666666666667,1.0,0.04666666666666667,0.23733333333333334,0.08533333333333333
192.168.10.32,52.184.214.53,26775.0,443.0,6.0,0.04666666666666667,0.04666666666666667,0.042666666666666665,0.18666666666666668,1.0,0.6866666666666666,0.042666666666666665,0.144,0.07266666666666667,0.08466666666666667,0.042666666666666665,0.09666666666666666,0.13933333333333334,0.064,0.47333333333333333,0.042666666666666665
192.168.10.23,142.251.36.106,48900.0,443.0,6.0,0.052,0.052,0.04666666666666667,0.482,0.050666666666666665,0.4,0.04666666666666667,0.04666666666666667,0.04666666666666667,0.5493333333333333,0.088,0.06733333333333333,0.04666666666666667,0.04666666666666667,0.04666666666666667,0.10266666666666667
192.168.10.32,52.179.216.235,26776.0,443.0,6.0,0.04666666666666667,0.04666666666666667,0.042666666666666665,0.18666666666666668,1.0,0.6873333333333334,0.042666666666666665,0.144,0.07266666666666667,0.08466666666666667,0.042666666666666665,0.09666666666666666,0.064,0.13866666666666666,0.4726666666666667,0.042666666666666665
192.168.10.32,40.70.229.150,26777.0,443.0,6.0,0.04666666666666667,0.04666666666666667,0.042666666666666665,0.18666666666666668,1.0,0.6866666666666666,0.042666666666666665,0.144,0.07266666666666667,0.08466666666666667,0.042666666666666665,0.09666666666666666,0.138,0.064,0.4746666666666667,0.064
192.168.10.32,52.184.214.53,26778.0,443.0,6.0,0.04666666666666667,0.04666666666666667,0.042666666666666665,0.18666666666666668,1.0,0.6866666666666666,0.042666666666666665,0.144,0.07266666666666667,0.08466666666666667,0.042666666666666665,0.09666666666666666,0.14,0.064,0.4726666666666667,0.042666666666666665
192.168.10.32,51.104.136.2,26779.0,443.0,6.0,0.04666666666666667,0.04666666666666667,0.042666666666666665,0.18266666666666667,1.0,1.0,0.5973333333333334,0.042666666666666665,0.144,0.07266666666666667,0.08466666666666667,0.042666666666666665,0.09666666666666666,0.496,0.064,0.064
192.168.10.32,51.104.136.2,26780.0,443.0,6.0,0.04666666666666667,0.04666666666666667,0.042666666666666665,0.18266666666666667,1.0,1.0,0.5973333333333334,0.042666666666666665,0.144,0.07266666666666667,0.08466666666666667,0.042666666666666665,0.09666666666666666,0.6966666666666667,0.064,0.064
192.168.10.32,13.89.179.9,26781.0,443.0,6.0,0.04666666666666667,0.04666666666666667,0.042666666666666665,0.18133333333333335,1.0,1.0,1.0,0.114,0.042666666666666665,0.144,0.07266666666666667,0.08466666666666667,0.042666666666666665,0.09666666666666666,0.064,0.4846666666666667
192.168.10.135,35.159.42.141,47786.0,443.0,6.0,0.052,0.052,0.04666666666666667,0.228,0.04666666666666667,0.13133333333333333,0.050666666666666665,0.068,0.04666666666666667,0.04666666666666667,1.0,0.04666666666666667,1.0,0.23733333333333334,0.08533333333333333,1.0
192.168.10.23,142.251.36.106,48902.0,443.0,6.0,0.052,0.052,0.04666666666666667,0.482,0.050666666666666665,0.40066666666666667,0.04666666666666667,0.04666666666666667,0.04666666666666667,0.5493333333333333,0.088,0.06733333333333333,0.04666666666666667,0.04666666666666667,0.04666666666666667,0.206
192.168.10.32,52.179.216.235,26782.0,443.0,6.0,0.04666666666666667,0.04666666666666667,0.042666666666666665,0.18666666666666668,1.0,0.6873333333333334,0.042666666666666665,0.144,0.07266666666666667,0.08466666666666667,0.042666666666666665,0.09666666666666666,0.13866666666666666,0.064,0.4726666666666667,0.042666666666666665
192.168.10.32,52.184.214.53,26783.0,443.0,6.0,0.04666666666666667,0.04666666666666667,0.042666666666666665,0.18666666666666668,1.0,0.6866666666666666,0.042666666666666665,0.144,0.07266666666666667,0.08466666666666667,0.042666666666666665,0.09666666666666666,0.13933333333333334,0.064,0.47333333333333333,0.064
192.168.10.32,52.184.214.53,26784.0,443.0,6.0,0.04666666666666667,0.04666666666666667,0.042666666666666665,0.18666666666666668,1.0,0.6866666666666666,0.042666666666666665,0.144,0.07266666666666667,0.08466666666666667,0.042666666666666665,0.09666666666666666,0.064,0.14,0.4726666666666667,0.064
192.168.10.135,3.127.6.122,53764.0,443.0,6.0,0.052,0.052,0.04666666666666667,0.228,0.04666666666666667,0.13133333333333333,0.050666666666666665,0.068,0.04666666666666667,0.04666666666666667,0.04666666666666667,1.0,1.0,0.04666666666666667,0.23733333333333334,0.08533333333333333
192.168.10.32,52.178.17.2,26785.0,443.0,6.0,0.04666666666666667,0.04666666666666667,0.042666666666666665,0.18133333333333335,1.0,1.0,1.0,0.114,0.042666666666666665,0.042666666666666665,0.144,0.07266666666666667,0.08466666666666667,0.042666666666666665,0.09666666666666666,0.4846666666666667
192.168.10.32,8.238.176.126,26786.0,80.0,6.0,0.04666666666666667,0.04666666666666667,0.042666666666666665,0.22666666666666666,0.042666666666666665,0.2633333333333333,0.042666666666666665,0.042666666666666665,0.042666666666666665,0.042666666666666665,0.042666666666666665,0.042666666666666665,0.042666666666666665,0.042666666666666665,0.042666666666666665,0.042666666666666665
192.168.10.23,34.117.65.55,58288.0,443.0,6.0,0.052,0.052,0.04666666666666667,0.4826666666666667,0.04666666666666667,0.188,0.04666666666666667,0.08933333333333333,0.16,0.43733333333333335,0.04666666666666667,0.06733333333333333,0.06733333333333333,0.04666666666666667,0.04666666666666667,0.07266666666666667
192.168.10.23,34.117.65.55,58290.0,443.0,6.0,0.052,0.052,0.04666666666666667,0.4766666666666667,0.04666666666666667,0.192,0.04666666666666667,0.08933333333333333,0.404,0.04666666666666667,0.5786666666666667,0.04666666666666667,0.104,0.04666666666666667,0.138,0.04666666666666667
192.168.10.32,40.70.229.150,26787.0,443.0,6.0,0.04666666666666667,0.04666666666666667,0.042666666666666665,0.18666666666666668,1.0,0.6873333333333334,0.042666666666666665,0.144,0.07266666666666667,0.08466666666666667,0.042666666666666665,0.09666666666666666,0.064,0.13866666666666666,0.4726666666666667,0.042666666666666665
192.168.10.32,52.184.216.246,26788.0,443.0,6.0,0.04666666666666667,0.04666666666666667,0.042666666666666665,0.18666666666666668,1.0,0.686,0.042666666666666665,0.144,0.07266666666666667,0.08466666666666667,0.042666666666666665,0.09666666666666666,0.064,0.13866666666666666,0.4726666666666667,0.064
192.168.10.32,52.184.213.187,26789.0,443.0,6.0,0.04666666666666667,0.04666666666666667,0.042666666666666665,0.18666666666666668,1.0,0.686,0.042666666666666665,0.144,0.07266666666666667,0.08466666666666667,0.042666666666666665,0.09666666666666666,0.064,0.13866666666666666,0.4746666666666667,0.064
192.168.10.32,20.190.177.21,26790.0,443.0,6.0,0.04666666666666667,0.04666666666666667,0.042666666666666665,0.17133333333333334,1.0,1.0,0.728,0.042666666666666665,0.144,0.07266666666666667,0.33866666666666667,0.9986666666666667,0.9986666666666667,0.9986666666666667,0.30733333333333335,0.042666666666666665
192.168.10.32,40.127.240.158,26791.0,443.0,6.0,0.04666666666666667,0.04666666666666667,0.042666666666666665,0.18266666666666667,1.0,1.0,0.5973333333333334,0.042666666666666665,0.144,0.07266666666666667,0.09666666666666666,0.9986666666666667,0.4806666666666667,0.08466666666666667,0.064,0.042666666666666665
192.168.10.32,142.251.37.99,26793.0,443.0,6.0,0.04666666666666667,0.04666666666666667,0.042666666666666665,0.176,0.042666666666666665,0.98,0.98,0.98,0.282,0.042666666666666665,0.042666666666666665,0.10066666666666667,0.23533333333333334,0.08466666666666667,0.042666666666666665,0.09666666666666666
192.168.10.23,142.251.36.106,48908.0,443.0,6.0,0.052,0.052,0.04666666666666667,0.482,0.050666666666666665,0.4,0.04666666666666667,0.04666666666666667,0.04666666666666667,0.5493333333333333,0.088,0.06733333333333333,0.04666666666666667,0.04666666666666667,0.04666666666666667,0.206
192.168.10.32,4.231.128.59,26794.0,443.0,6.0,0.04666666666666667,0.04666666666666667,0.042666666666666665,0.18266666666666667,1.0,1.0,0.5973333333333334,0.042666666666666665,0.144,0.07266666666666667,0.08466666666666667,0.042666666666666665,0.09666666666666666,0.16866666666666666,0.064,0.042666666666666665
192.168.10.32,4.231.128.59,26795.0,443.0,6.0,0.04666666666666667,0.04666666666666667,0.042666666666666665,0.18266666666666667,1.0,1.0,0.5973333333333334,0.042666666666666665,0.144,0.07266666666666667,0.08466666666666667,0.042666666666666665,0.09666666666666666,0.866,0.064,0.042666666666666665
192.168.10.135,35.159.42.141,47898.0,443.0,6.0,0.052,0.052,0.04666666666666667,0.228,0.04666666666666667,0.13133333333333333,0.050666666666666665,0.068,0.04666666666666667,0.04666666666666667,0.04666666666666667,1.0,1.0,0.04666666666666667,0.23733333333333334,0.08533333333333333
192.168.10.32,20.42.65.85,26796.0,443.0,6.0,0.04666666666666667,0.04666666666666667,0.042666666666666665,0.18133333333333335,1.0,1.0,1.0,0.114,0.042666666666666665,0.144,0.07266666666666667,0.08466666666666667,0.042666666666666665,0.09666666666666666,0.4846666666666667,0.064
192.168.10.32,52.184.216.246,26797.0,443.0,6.0,0.04666666666666667,0.04666666666666667,0.042666666666666665,0.18666666666666668,1.0,0.686,0.042666666666666665,0.144,0.07266666666666667,0.08466666666666667,0.042666666666666665,0.09666666666666666,0.13866666666666666,0.064,0.4726666666666667,0.064
192.168.10.23,142.251.36.106,48910.0,443.0,6.0,0.052,0.052,0.04666666666666667,0.482,0.050666666666666665,0.40066666666666667,0.04666666666666667,0.04666666666666667,0.04666666666666667,0.5493333333333333,0.088,0.06733333333333333,0.04666666666666667,0.04666666666666667,0.04666666666666667,0.10266666666666667
192.168.10.135,3.127.6.122,53952.0,443.0,6.0,0.052,0.052,0.04666666666666667,0.228,0.04666666666666667,0.13133333333333333,0.050666666666666665,0.068,0.04666666666666667,0.04666666666666667,1.0,0.04666666666666667,1.0,0.04666666666666667,0.23733333333333334,0.08533333333333333
192.168.10.32,52.184.214.53,26798.0,443.0,6.0,0.04666666666666667,0.04666666666666667,0.042666666666666665,0.18666666666666668,1.0,0.6866666666666666,0.042666666666666665,0.144,0.07266666666666667,0.08466666666666667,0.042666666666666665,0.09666666666666666,0.14,0.064,0.4726666666666667,0.064
192.168.10.32,40.70.229.150,26799.0,443.0,6.0,0.04666666666666667,0.04666666666666667,0.042666666666666665,0.18666666666666668,1.0,0.6866666666666666,0.042666666666666665,0.144,0.07266666666666667,0.08466666666666667,0.042666666666666665,0.09666666666666666,0.064,0.13866666666666666,0.4726666666666667,0.042666666666666665
192.168.10.32,52.184.216.246,26800.0,443.0,6.0,0.04666666666666667,0.04666666666666667,0.042666666666666665,0.18666666666666668,1.0,0.6866666666666666,0.042666666666666665,0.144,0.07266666666666667,0.08466666666666667,0.042666666666666665,0.09666666666666666,0.13866666666666666,0.064,0.47333333333333333,0.064
192.168.10.32,20.50.201.200,26801.0,443.0,6.0,0.04666666666666667,0.04666666666666667,0.042666666666666665,0.18133333333333335,1.0,1.0,1.0,0.114,0.042666666666666665,0.144,0.07266666666666667,0.08466666666666667,0.042666666666666665,0.09666666666666666,0.4846666666666667,0.064
192.168.10.32,20.166.2.191,26803.0,443.0,6.0,0.04666666666666667,0.04666666666666667,0.042666666666666665,0.18066666666666667,1.0,1.0,0.6666666666666666,0.042666666666666665,0.144,0.07266666666666667,0.4266666666666667,0.9853333333333333,0.8506666666666667,0.042666666666666665,0.47,0.042666666666666665
192.168.10.32,13.107.42.16,26804.0,443.0,6.0,0.04666666666666667,0.04666666666666667,0.042666666666666665,0.176,0.042666666666666665,1.0,1.0,1.0,0.042666666666666665,1.0,0.12533333333333332,0.042666666666666665,0.144,0.042666666666666665,0.26666666666666666,0.08466666666666667
192.168.10.23,34.117.65.55,58296.0,443.0,6.0,0.052,0.052,0.04666666666666667,0.4826666666666667,0.04666666666666667,0.188,0.04666666666666667,0.08933333333333333,0.16,0.43733333333333335,0.04666666666666667,0.06733333333333333,0.06733333333333333,0.04666666666666667,0.04666666666666667,0.07266666666666667
192.168.10.23,34.117.65.55,58298.0,443.0,6.0,0.052,0.052,0.04666666666666667,0.4766666666666667,0.04666666666666667,0.192,0.04666666666666667,0.08933333333333333,0.404,0.04666666666666667,0.5786666666666667,0.04666666666666667,0.104,0.04666666666666667,0.138,0.04666666666666667
192.168.10.32,51.124.78.146,26805.0,443.0,6.0,0.04666666666666667,0.04666666666666667,0.042666666666666665,0.18266666666666667,1.0,1.0,0.5973333333333334,0.042666666666666665,0.144,0.07266666666666667,0.08466666666666667,0.042666666666666665,0.09666666666666666,0.7153333333333334,0.064,0.064
192.168.10.150,142.251.36.131,52327.0,443.0,6.0,0.04666666666666667,0.04666666666666667,0.042666666666666665,0.162,0.042666666666666665,0.98,0.98,0.042666666666666665,0.98,0.31733333333333336,0.042666666666666665,0.12266666666666666,0.07266666666666667,0.4533333333333333,0.784,0.042666666666666665
192.168.10.135,3.127.6.122,54170.0,443.0,6.0,0.052,0.052,0.04666666666666667,0.228,0.04666666666666667,0.13133333333333333,0.050666666666666665,0.068,0.04666666666666667,0.04666666666666667,1.0,0.04666666666666667,1.0,0.04666666666666667,0.23733333333333334,0.08533333333333333
192.168.10.32,20.199.120.151,26806.0,443.0,6.0,0.04666666666666667,0.04666666666666667,0.042666666666666665,0.16133333333333333,1.0,1.0,0.8506666666666667,0.042666666666666665,0.144,0.07266666666666667,0.2713333333333333,0.7673333333333333,0.20333333333333334,0.226,0.042666666666666665,0.042666666666666665
192.168.10.32,40.126.53.18,26807.0,443.0,6.0,0.04666666666666667,0.04666666666666667,0.042666666666666665,0.17133333333333334,1.0,1.0,0.7293333333333333,0.042666666666666665,0.144,0.07266666666666667,0.33866666666666667,0.9986666666666667,0.9986666666666667,0.9986666666666667,0.29133333333333333,0.042666666666666665
192.168.10.32,20.199.120.151,26808.0,443.0,6.0,0.04666666666666667,0.04666666666666667,0.042666666666666665,0.16133333333333333,1.0,1.0,0.042666666666666665,0.8506666666666667,0.144,0.07266666666666667,0.2713333333333333,0.7673333333333333,0.20333333333333334,0.042666666666666665,0.226,0.042666666666666665
192.168.10.23,142.251.36.138,55966.0,443.0,6.0,0.052,0.052,0.04666666666666667,0.3913333333333333,0.04666666666666667,0.98,0.98,0.98,0.36866666666666664,0.04666666666666667,0.04666666666666667,0.08933333333333333,0.16,0.302,0.04666666666666667,0.456
192.168.10.32,52.184.214.53,26809.0,443.0,6.0,0.04666666666666667,0.04666666666666667,0.042666666666666665,0.18666666666666668,1.0,0.686,0.042666666666666665,0.144,0.07266666666666667,0.08466666666666667,0.042666666666666665,0.09666666666666666,0.14,0.064,0.4726666666666667,0.064
192.168.10.32,20.73.194.208,26810.0,443.0,6.0,0.04666666666666667,0.04666666666666667,0.042666666666666665,0.18266666666666667,1.0,1.0,0.5973333333333334,0.042666666666666665,0.144,0.07266666666666667,0.08466666666666667,0.042666666666666665,0.09666666666666666,0.5093333333333333,0.064,0.064
192.168.10.32,52.179.216.235,26812.0,443.0,6.0,0.04666666666666667,0.04666666666666667,0.042666666666666665,0.18666666666666668,1.0,0.6873333333333334,0.042666666666666665,0.144,0.07266666666666667,0.08466666666666667,0.042666666666666665,0.09666666666666666,0.13866666666666666,0.064,0.4726666666666667,0.042666666666666665
192.168.10.32,52.184.214.53,26813.0,443.0,6.0,0.04666666666666667,0.04666666666666667,0.042666666666666665,0.18666666666666668,1.0,0.6866666666666666,0.042666666666666665,0.144,0.07266666666666667,0.08466666666666667,0.042666666666666665,0.09666666666666666,0.064,0.13933333333333334,0.47333333333333333,0.042666666666666665
192.168.10.32,40.70.229.150,26814.0,443.0,6.0,0.04666666666666667,0.04666666666666667,0.042666666666666665,0.18666666666666668,1.0,0.6866666666666666,0.042666666666666665,0.144,0.07266666666666667,0.08466666666666667,0.042666666666666665,0.09666666666666666,0.064,0.138,0.4746666666666667,0.064
192.168.10.32,52.168.112.67,26815.0,443.0,6.0,0.04666666666666667,0.04666666666666667,0.042666666666666665,0.18133333333333335,1.0,1.0,1.0,0.114,0.042666666666666665,0.144,0.07266666666666667,0.08466666666666667,0.042666666666666665,0.09666666666666666,0.4846666666666667,0.064
192.168.10.135,3.127.6.122,54216.0,443.0,6.0,0.052,0.052,0.04666666666666667,0.228,0.04666666666666667,0.13133333333333333,0.050666666666666665,0.068,0.04666666666666667,0.04666666666666667,1.0,0.04666666666666667,1.0,0.04666666666666667,0.23733333333333334,0.08533333333333333
192.168.10.23,142.251.36.106,48918.0,443.0,6.0,0.052,0.052,0.04666666666666667,0.482,0.050666666666666665,0.4,0.04666666666666667,0.04666666666666667,0.04666666666666667,0.5493333333333333,0.088,0.04666666666666667,0.04666666666666667,0.10266666666666667,0.06733333333333333,0.04666666666666667
